season_end_year,game_id,game_date,team_abbrev,opp_abbrev,is_home,team_pts,team_reb,team_ast,team_tpm,ingested_at
2026,401809234,2025-10-22,NY,CLE,1,119,48,22,14,2026-01-05T08:50:56Z
2026,401809234,2025-10-22,CLE,NY,0,111,32,21,19,2026-01-05T08:50:56Z
2026,401809235,2025-10-22,DAL,SA,1,92,37,20,9,2026-01-05T08:50:57Z
2026,401809236,2025-10-23,OKC,IND,0,141,60,17,10,2026-01-05T08:50:57Z
2026,401809235,2025-10-22,SA,DAL,0,125,50,24,8,2026-01-05T08:50:57Z
2026,401809236,2025-10-23,IND,OKC,1,135,55,21,13,2026-01-05T08:50:57Z
2026,401809237,2025-10-23,DEN,GS,0,131,43,32,16,2026-01-05T08:50:58Z
2026,401809237,2025-10-23,GS,DEN,1,137,43,33,18,2026-01-05T08:50:58Z
2026,401809238,2025-12-25,NY,CLE,1,126,43,28,21,2026-01-05T08:50:58Z
2026,401809238,2025-12-25,CLE,NY,0,124,45,30,15,2026-01-05T08:50:58Z
2026,401809239,2025-12-25,SA,OKC,0,117,49,20,11,2026-01-05T08:50:59Z
2026,401809239,2025-12-25,OKC,SA,1,102,48,23,11,2026-01-05T08:50:59Z
2026,401809240,2025-12-25,DAL,GS,0,116,41,18,4,2026-01-05T08:50:59Z
2026,401809240,2025-12-25,GS,DAL,1,126,49,33,14,2026-01-05T08:50:59Z
2026,401809243,2025-10-21,HOU,OKC,0,124,52,23,11,2026-01-05T08:51:00Z
2026,401809243,2025-10-21,OKC,HOU,1,125,38,29,13,2026-01-05T08:51:00Z
2026,401809242,2025-12-25,DEN,MIN,1,142,45,31,19,2026-01-05T08:51:00Z
2026,401809242,2025-12-25,MIN,DEN,0,138,47,31,12,2026-01-05T08:51:00Z
2026,401809241,2025-12-25,LAL,HOU,1,96,25,19,11,2026-01-05T08:51:00Z
2026,401809241,2025-12-25,HOU,LAL,0,119,48,24,8,2026-01-05T08:51:00Z
2026,401809244,2025-10-21,GS,LAL,0,119,40,29,17,2026-01-05T08:51:01Z
2026,401809244,2025-10-21,LAL,GS,1,109,39,23,8,2026-01-05T08:51:01Z
2026,401809502,2025-10-31,IND,ATL,1,108,49,23,13,2026-01-05T08:51:02Z
2026,401809502,2025-10-31,ATL,IND,0,128,55,30,10,2026-01-05T08:51:02Z
2026,401809246,2025-10-27,MIN,DEN,1,114,33,19,10,2026-01-05T08:51:02Z
2026,401809245,2025-10-27,DET,CLE,1,95,48,20,11,2026-01-05T08:51:02Z
2026,401809245,2025-10-27,CLE,DET,0,116,48,25,11,2026-01-05T08:51:02Z
2026,401809246,2025-10-27,DEN,MIN,0,127,46,24,13,2026-01-05T08:51:02Z
2026,401809503,2025-10-31,BOS,PHI,0,109,45,26,14,2026-01-05T08:51:03Z
2026,401809503,2025-10-31,PHI,BOS,1,108,40,27,13,2026-01-05T08:51:03Z
2026,401809504,2025-10-31,TOR,CLE,0,112,48,27,13,2026-01-05T08:51:03Z
2026,401809504,2025-10-31,CLE,TOR,1,101,42,24,14,2026-01-05T08:51:03Z
2026,401809506,2025-10-31,MEM,LAL,1,112,42,28,14,2026-01-05T08:51:04Z
2026,401809506,2025-10-31,LAL,MEM,0,117,40,24,13,2026-01-05T08:51:04Z
2026,401809505,2025-10-31,NY,CHI,0,125,39,27,18,2026-01-05T08:51:04Z
2026,401809505,2025-10-31,CHI,NY,1,135,41,31,17,2026-01-05T08:51:04Z
2026,401809507,2025-10-31,UTAH,PHX,0,96,48,23,12,2026-01-05T08:51:05Z
2026,401809507,2025-10-31,PHX,UTAH,1,118,44,30,17,2026-01-05T08:51:05Z
2026,401809508,2025-10-31,DEN,POR,0,107,46,19,6,2026-01-05T08:51:05Z
2026,401809508,2025-10-31,POR,DEN,1,109,43,26,11,2026-01-05T08:51:05Z
2026,401809509,2025-10-31,NO,LAC,0,124,43,28,18,2026-01-05T08:51:06Z
2026,401809509,2025-10-31,LAC,NO,1,126,37,28,15,2026-01-05T08:51:06Z
2026,401809510,2025-11-07,ORL,BOS,1,123,44,28,17,2026-01-05T08:51:06Z
2026,401809510,2025-11-07,BOS,ORL,0,110,44,26,13,2026-01-05T08:51:06Z
2026,401809511,2025-11-07,CLE,WSH,0,148,57,34,20,2026-01-05T08:51:07Z
2026,401809511,2025-11-07,WSH,CLE,1,115,44,32,15,2026-01-05T08:51:07Z
2026,401809512,2025-11-07,TOR,ATL,0,109,48,23,12,2026-01-05T08:51:08Z
2026,401809512,2025-11-07,ATL,TOR,1,97,54,24,9,2026-01-05T08:51:08Z
2026,401809773,2025-11-07,DET,BKN,0,125,46,32,6,2026-01-05T08:51:08Z
2026,401809773,2025-11-07,BKN,DET,1,107,30,26,17,2026-01-05T08:51:08Z
2026,401809774,2025-11-07,HOU,SA,0,110,41,25,13,2026-01-05T08:51:10Z
2026,401809775,2025-11-07,CHA,MIA,0,108,57,22,10,2026-01-05T08:51:10Z
2026,401809775,2025-11-07,MIA,CHA,1,126,37,31,12,2026-01-05T08:51:10Z
2026,401809774,2025-11-07,SA,HOU,1,121,40,30,18,2026-01-05T08:51:10Z
2026,401809776,2025-11-07,DAL,MEM,0,104,44,25,10,2026-01-05T08:51:11Z
2026,401809776,2025-11-07,MEM,DAL,1,118,42,27,13,2026-01-05T08:51:11Z
2026,401809777,2025-11-07,CHI,MIL,0,110,45,34,10,2026-01-05T08:51:11Z
2026,401809777,2025-11-07,MIL,CHI,1,126,53,27,16,2026-01-05T08:51:11Z
2026,401809780,2025-11-07,SAC,OKC,1,101,38,27,15,2026-01-05T08:51:12Z
2026,401809780,2025-11-07,OKC,SAC,0,132,52,27,13,2026-01-05T08:51:12Z
2026,401809779,2025-11-07,DEN,GS,1,129,41,34,16,2026-01-05T08:51:12Z
2026,401809778,2025-11-07,UTAH,MIN,0,97,40,28,9,2026-01-05T08:51:12Z
2026,401809778,2025-11-07,MIN,UTAH,1,137,52,32,17,2026-01-05T08:51:12Z
2026,401809779,2025-11-07,GS,DEN,0,104,46,28,12,2026-01-05T08:51:12Z
2026,401809782,2025-11-14,BKN,ORL,0,98,34,23,10,2026-01-05T08:51:13Z
2026,401809781,2025-11-14,MIA,NY,0,132,46,30,19,2026-01-05T08:51:13Z
2026,401809781,2025-11-14,NY,MIA,1,140,51,32,21,2026-01-05T08:51:13Z
2026,401809782,2025-11-14,ORL,BKN,1,105,46,21,15,2026-01-05T08:51:13Z
2026,401809784,2025-11-14,HOU,POR,1,140,49,26,17,2026-01-05T08:51:14Z
2026,401809784,2025-11-14,POR,HOU,0,116,44,18,13,2026-01-05T08:51:14Z
2026,401809783,2025-11-14,PHI,DET,0,105,46,19,14,2026-01-05T08:51:14Z
2026,401809783,2025-11-14,DET,PHI,1,114,46,32,17,2026-01-05T08:51:14Z
2026,401809787,2025-11-14,LAL,NO,0,118,45,28,10,2026-01-05T08:51:15Z
2026,401809787,2025-11-14,NO,LAL,1,104,42,24,12,2026-01-05T08:51:15Z
2026,401809786,2025-11-14,MIN,SAC,1,124,51,28,12,2026-01-05T08:51:15Z
2026,401809785,2025-11-14,CHA,MIL,0,134,39,31,17,2026-01-05T08:51:15Z
2026,401809785,2025-11-14,MIL,CHA,1,147,39,37,20,2026-01-05T08:51:15Z
2026,401809786,2025-11-14,SAC,MIN,0,110,44,32,12,2026-01-05T08:51:15Z
2026,401809788,2025-11-14,LAC,DAL,0,133,45,22,13,2026-01-05T08:51:16Z
2026,401809788,2025-11-14,DAL,LAC,1,127,50,18,10,2026-01-05T08:51:16Z
2026,401809789,2025-11-14,GS,SA,0,109,39,18,17,2026-01-05T08:51:16Z
2026,401809789,2025-11-14,SA,GS,1,108,47,28,14,2026-01-05T08:51:16Z
2026,401809792,2025-11-21,WSH,TOR,0,110,29,26,12,2026-01-05T08:51:17Z
2026,401809791,2025-11-21,BOS,BKN,1,105,44,24,11,2026-01-05T08:51:17Z
2026,401809792,2025-11-21,TOR,WSH,1,140,48,36,14,2026-01-05T08:51:17Z
2026,401809790,2025-11-21,CLE,IND,1,120,52,28,13,2026-01-05T08:51:17Z
2026,401809790,2025-11-21,IND,CLE,0,109,43,25,11,2026-01-05T08:51:17Z
2026,401809791,2025-11-21,BKN,BOS,0,113,41,31,13,2026-01-05T08:51:17Z
2026,401809794,2025-11-21,DAL,NO,1,118,47,30,16,2026-01-05T08:51:18Z
2026,401809794,2025-11-21,NO,DAL,0,115,42,25,7,2026-01-05T08:51:18Z
2026,401809793,2025-11-21,CHI,MIA,1,107,39,26,12,2026-01-05T08:51:18Z
2026,401809793,2025-11-21,MIA,CHI,0,143,53,35,14,2026-01-05T08:51:18Z
2026,401809796,2025-11-21,HOU,DEN,1,109,41,21,14,2026-01-05T08:51:19Z
2026,401809796,2025-11-21,DEN,HOU,0,112,38,28,11,2026-01-05T08:51:19Z
2026,401809795,2025-11-21,MIN,PHX,0,113,37,18,12,2026-01-05T08:51:19Z
2026,401809795,2025-11-21,PHX,MIN,1,114,45,25,14,2026-01-05T08:51:19Z
2026,401809797,2025-11-21,OKC,UTAH,0,144,26,36,23,2026-01-05T08:51:20Z
2026,401809797,2025-11-21,UTAH,OKC,1,112,39,30,16,2026-01-05T08:51:20Z
2026,401809798,2025-11-21,POR,GS,0,127,52,31,16,2026-01-05T08:51:20Z
2026,401809798,2025-11-21,GS,POR,1,123,32,29,17,2026-01-05T08:51:20Z
2026,401809799,2025-11-25,ATL,WSH,0,113,44,33,15,2026-01-05T08:51:20Z
2026,401809799,2025-11-25,WSH,ATL,1,132,36,30,19,2026-01-05T08:51:20Z
2026,401809800,2025-11-25,PHI,ORL,1,103,38,22,9,2026-01-05T08:51:21Z
2026,401809801,2025-11-25,LAL,LAC,1,135,38,29,13,2026-01-05T08:51:21Z
2026,401809801,2025-11-25,LAC,LAL,0,118,29,24,13,2026-01-05T08:51:21Z
2026,401809800,2025-11-25,ORL,PHI,0,144,47,38,13,2026-01-05T08:51:21Z
2026,401809802,2025-11-26,DET,BOS,0,114,56,20,11,2026-01-05T08:51:22Z
2026,401809802,2025-11-26,BOS,DET,1,117,44,24,20,2026-01-05T08:51:22Z
2026,401809803,2025-11-26,NY,CHA,0,129,41,26,13,2026-01-05T08:51:22Z
2026,401809803,2025-11-26,CHA,NY,1,101,35,15,13,2026-01-05T08:51:22Z
2026,401809804,2025-11-26,MIL,MIA,0,103,47,31,14,2026-01-05T08:51:22Z
2026,401809804,2025-11-26,MIA,MIL,1,106,47,32,10,2026-01-05T08:51:22Z
2026,401809805,2025-11-26,IND,TOR,0,95,43,20,11,2026-01-05T08:51:23Z
2026,401809805,2025-11-26,TOR,IND,1,97,48,18,5,2026-01-05T08:51:23Z
2026,401809806,2025-11-26,MIN,OKC,0,105,44,25,17,2026-01-05T08:51:23Z
2026,401809806,2025-11-26,OKC,MIN,1,113,39,19,7,2026-01-05T08:51:23Z
2026,401809807,2025-11-26,NO,MEM,1,128,40,34,19,2026-01-05T08:51:24Z
2026,401809807,2025-11-26,MEM,NO,0,133,49,38,17,2026-01-05T08:51:24Z
2026,401809808,2025-11-26,GS,HOU,1,100,47,25,12,2026-01-05T08:51:24Z
2026,401809808,2025-11-26,HOU,GS,0,104,53,24,11,2026-01-05T08:51:24Z
2026,401809809,2025-11-26,SA,POR,0,115,57,17,11,2026-01-05T08:51:25Z
2026,401809809,2025-11-26,POR,SA,1,102,48,21,9,2026-01-05T08:51:25Z
2026,401809810,2025-11-26,PHX,SAC,0,112,47,25,14,2026-01-05T08:51:25Z
2026,401809810,2025-11-26,SAC,PHX,1,100,41,20,12,2026-01-05T08:51:25Z
2026,401809813,2025-11-28,CHA,CHI,1,123,46,28,15,2026-01-05T08:51:26Z
2026,401809813,2025-11-28,CHI,CHA,0,116,44,31,8,2026-01-05T08:51:26Z
2026,401809812,2025-11-28,BKN,PHI,1,103,41,21,13,2026-01-05T08:51:26Z
2026,401809812,2025-11-28,PHI,BKN,0,115,41,28,11,2026-01-05T08:51:26Z
2026,401809811,2025-11-28,CLE,ATL,0,123,48,29,17,2026-01-05T08:51:26Z
2026,401809811,2025-11-28,ATL,CLE,1,130,38,36,16,2026-01-05T08:51:26Z
2026,401809814,2025-11-28,DET,ORL,1,109,49,22,11,2026-01-05T08:51:27Z
2026,401809815,2025-11-28,WSH,IND,0,86,42,18,7,2026-01-05T08:51:27Z
2026,401809814,2025-11-28,ORL,DET,0,112,44,14,5,2026-01-05T08:51:27Z
2026,401809815,2025-11-28,IND,WSH,1,119,50,27,13,2026-01-05T08:51:27Z
2026,401809816,2025-11-28,MIL,NY,0,109,35,24,18,2026-01-05T08:51:28Z
2026,401809817,2025-11-28,PHX,OKC,0,119,51,20,15,2026-01-05T08:51:28Z
2026,401809816,2025-11-28,NY,MIL,1,118,44,25,14,2026-01-05T08:51:28Z
2026,401809817,2025-11-28,OKC,PHX,1,123,37,27,15,2026-01-05T08:51:28Z
2026,401809818,2025-11-28,DEN,SA,1,136,44,27,16,2026-01-05T08:51:28Z
2026,401809818,2025-11-28,SA,DEN,0,139,35,30,17,2026-01-05T08:51:28Z
2026,401809819,2025-11-28,SAC,UTAH,0,119,44,27,10,2026-01-05T08:51:29Z
2026,401809819,2025-11-28,UTAH,SAC,1,128,49,32,13,2026-01-05T08:51:29Z
2026,401809820,2025-11-28,DAL,LAL,0,119,39,28,14,2026-01-05T08:51:29Z
2026,401809820,2025-11-28,LAL,DAL,1,129,34,27,18,2026-01-05T08:51:29Z
2026,401809834,2025-12-09,TOR,NY,1,101,37,28,11,2026-01-05T08:51:30Z
2026,401809834,2025-12-09,NY,TOR,0,117,48,19,16,2026-01-05T08:51:30Z
2026,401809833,2025-12-09,ORL,MIA,1,117,47,30,15,2026-01-05T08:51:30Z
2026,401809833,2025-12-09,MIA,ORL,0,108,39,25,8,2026-01-05T08:51:30Z
2026,401809821,2025-11-28,LAC,MEM,1,107,39,19,12,2026-01-05T08:51:30Z
2026,401809821,2025-11-28,MEM,LAC,0,112,53,24,17,2026-01-05T08:51:30Z
2026,401809836,2025-12-10,LAL,SA,1,119,43,27,16,2026-01-05T08:51:31Z
2026,401809836,2025-12-10,SA,LAL,0,132,50,25,17,2026-01-05T08:51:31Z
2026,401809835,2025-12-10,OKC,PHX,1,138,43,32,22,2026-01-05T08:51:31Z
2026,401809835,2025-12-10,PHX,OKC,0,89,37,24,10,2026-01-05T08:51:31Z
2026,401809838,2025-12-13,OKC,SA,1,109,51,20,9,2026-01-05T08:51:32Z
2026,401809838,2025-12-13,SA,OKC,0,111,52,21,13,2026-01-05T08:51:32Z
2026,401809837,2025-12-13,ORL,NY,1,120,41,28,13,2026-01-05T08:51:32Z
2026,401809837,2025-12-13,NY,ORL,0,132,41,28,7,2026-01-05T08:51:32Z
2026,401809839,2025-12-16,SA,NY,0,113,42,29,14,2026-01-05T08:51:33Z
2026,401809839,2025-12-16,NY,SA,1,124,59,27,15,2026-01-05T08:51:33Z
2026,401809933,2025-10-22,BKN,CHA,0,117,38,25,14,2026-01-05T08:51:33Z
2026,401809933,2025-10-22,CHA,BKN,1,136,50,33,17,2026-01-05T08:51:33Z
2026,401809934,2025-10-22,MIA,ORL,0,121,47,26,12,2026-01-05T08:51:33Z
2026,401809934,2025-10-22,ORL,MIA,1,125,46,23,12,2026-01-05T08:51:33Z
2026,401809935,2025-10-22,TOR,ATL,0,138,54,36,6,2026-01-05T08:51:34Z
2026,401809935,2025-10-22,ATL,TOR,1,118,34,25,10,2026-01-05T08:51:34Z
2026,401809937,2025-10-22,CHI,DET,1,115,50,29,11,2026-01-05T08:51:35Z
2026,401809937,2025-10-22,DET,CHI,0,111,46,29,7,2026-01-05T08:51:35Z
2026,401809936,2025-10-22,PHI,BOS,0,117,40,23,16,2026-01-05T08:51:35Z
2026,401809936,2025-10-22,BOS,PHI,1,116,42,16,11,2026-01-05T08:51:35Z
2026,401809940,2025-10-22,UTAH,LAC,1,129,46,38,17,2026-01-05T08:51:36Z
2026,401809940,2025-10-22,LAC,UTAH,0,108,38,28,14,2026-01-05T08:51:36Z
2026,401809939,2025-10-22,MIL,WSH,1,133,46,31,18,2026-01-05T08:51:36Z
2026,401809939,2025-10-22,WSH,MIL,0,120,56,23,17,2026-01-05T08:51:36Z
2026,401809938,2025-10-22,NO,MEM,0,122,47,20,10,2026-01-05T08:51:36Z
2026,401809938,2025-10-22,MEM,NO,1,128,39,20,11,2026-01-05T08:51:36Z
2026,401809941,2025-10-22,PHX,SAC,1,120,51,23,10,2026-01-05T08:51:37Z
2026,401809941,2025-10-22,SAC,PHX,0,116,37,24,9,2026-01-05T08:51:37Z
2026,401809942,2025-10-22,MIN,POR,0,118,45,21,15,2026-01-05T08:51:37Z
2026,401809942,2025-10-22,POR,MIN,1,114,39,25,13,2026-01-05T08:51:37Z
2026,401809944,2025-10-24,BKN,CLE,1,124,38,30,19,2026-01-05T08:51:38Z
2026,401809944,2025-10-24,CLE,BKN,0,131,36,32,18,2026-01-05T08:51:38Z
2026,401809943,2025-10-24,ORL,ATL,1,107,45,21,9,2026-01-05T08:51:38Z
2026,401809943,2025-10-24,ATL,ORL,0,111,40,26,8,2026-01-05T08:51:38Z
2026,401809946,2025-10-24,MIL,TOR,0,122,51,25,14,2026-01-05T08:51:39Z
2026,401809945,2025-10-24,NY,BOS,1,105,53,23,17,2026-01-05T08:51:39Z
2026,401809945,2025-10-24,BOS,NY,0,95,37,19,15,2026-01-05T08:51:39Z
2026,401809947,2025-10-24,HOU,DET,1,111,45,15,10,2026-01-05T08:51:39Z
2026,401809947,2025-10-24,DET,HOU,0,115,48,26,16,2026-01-05T08:51:39Z
2026,401809946,2025-10-24,TOR,MIL,1,116,41,25,11,2026-01-05T08:51:39Z
2026,401809948,2025-10-24,MIA,MEM,0,146,57,34,19,2026-01-05T08:51:40Z
2026,401809948,2025-10-24,MEM,MIA,1,114,41,29,13,2026-01-05T08:51:40Z
2026,401809949,2025-10-24,SA,NO,0,120,59,25,13,2026-01-05T08:51:40Z
2026,401809949,2025-10-24,NO,SA,1,116,45,24,10,2026-01-05T08:51:40Z
2026,401809951,2025-10-24,MIN,LAL,0,110,40,24,13,2026-01-05T08:51:41Z
2026,401809952,2025-10-24,GS,POR,0,119,41,24,16,2026-01-05T08:51:41Z
2026,401809951,2025-10-24,LAL,MIN,1,128,38,26,12,2026-01-05T08:51:41Z
2026,401809952,2025-10-24,POR,GS,1,139,38,30,16,2026-01-05T08:51:41Z
2026,401809950,2025-10-24,DAL,WSH,1,107,48,23,10,2026-01-05T08:51:41Z
2026,401809950,2025-10-24,WSH,DAL,0,117,48,27,15,2026-01-05T08:51:41Z
2026,401809953,2025-10-24,UTAH,SAC,0,104,50,25,13,2026-01-05T08:51:42Z
2026,401809953,2025-10-24,SAC,UTAH,1,105,33,23,14,2026-01-05T08:51:42Z
2026,401809954,2025-10-24,PHX,LAC,0,102,37,23,16,2026-01-05T08:51:42Z
2026,401809954,2025-10-24,LAC,PHX,1,129,45,32,16,2026-01-05T08:51:42Z
2026,401809957,2025-10-25,PHI,CHA,1,125,40,29,18,2026-01-05T08:51:43Z
2026,401809957,2025-10-25,CHA,PHI,0,121,45,30,16,2026-01-05T08:51:43Z
2026,401809956,2025-10-25,ATL,OKC,1,100,46,25,16,2026-01-05T08:51:43Z
2026,401809955,2025-10-25,CHI,ORL,0,110,46,26,10,2026-01-05T08:51:43Z
2026,401809955,2025-10-25,ORL,CHI,1,98,53,12,3,2026-01-05T08:51:43Z
2026,401809956,2025-10-25,OKC,ATL,0,117,50,21,14,2026-01-05T08:51:43Z
2026,401809958,2025-10-25,IND,MEM,0,103,44,25,14,2026-01-05T08:51:44Z
2026,401809958,2025-10-25,MEM,IND,1,128,49,31,15,2026-01-05T08:51:44Z
2026,401809959,2025-10-25,PHX,DEN,0,111,38,24,17,2026-01-05T08:51:44Z
2026,401809959,2025-10-25,DEN,PHX,1,133,43,31,9,2026-01-05T08:51:44Z
2026,401809960,2025-10-26,BKN,SA,0,107,34,22,16,2026-01-05T08:51:45Z
2026,401809960,2025-10-26,SA,BKN,1,118,45,20,12,2026-01-05T08:51:45Z
2026,401809961,2025-10-26,BOS,DET,0,113,38,17,15,2026-01-05T08:51:45Z
2026,401809961,2025-10-26,DET,BOS,1,119,55,22,9,2026-01-05T08:51:45Z
2026,401809963,2025-10-26,MIA,NY,1,115,50,25,13,2026-01-05T08:51:46Z
2026,401809963,2025-10-26,NY,MIA,0,107,52,23,15,2026-01-05T08:51:46Z
2026,401809962,2025-10-26,CLE,MIL,1,118,44,23,12,2026-01-05T08:51:46Z
2026,401809962,2025-10-26,MIL,CLE,0,113,37,25,13,2026-01-05T08:51:46Z
2026,401809965,2025-10-26,MIN,IND,1,114,48,19,10,2026-01-05T08:51:47Z
2026,401809965,2025-10-26,IND,MIN,0,110,49,24,14,2026-01-05T08:51:47Z
2026,401809964,2025-10-26,CHA,WSH,0,139,52,30,15,2026-01-05T08:51:47Z
2026,401809964,2025-10-26,WSH,CHA,1,113,40,25,10,2026-01-05T08:51:47Z
2026,401809966,2025-10-26,TOR,DAL,0,129,43,33,13,2026-01-05T08:51:48Z
2026,401809966,2025-10-26,DAL,TOR,1,139,49,32,10,2026-01-05T08:51:48Z
2026,401809967,2025-10-26,POR,LAC,0,107,42,24,11,2026-01-05T08:51:48Z
2026,401809967,2025-10-26,LAC,POR,1,114,46,26,12,2026-01-05T08:51:48Z
2026,401809968,2025-10-26,SAC,LAL,1,120,40,27,18,2026-01-05T08:51:49Z
2026,401809969,2025-10-27,PHI,ORL,1,136,39,25,14,2026-01-05T08:51:49Z
2026,401809968,2025-10-26,LAL,SAC,0,127,47,26,8,2026-01-05T08:51:49Z
2026,401809969,2025-10-27,ORL,PHI,0,124,43,27,8,2026-01-05T08:51:49Z
2026,401809971,2025-10-27,HOU,BKN,1,137,39,33,16,2026-01-05T08:51:50Z
2026,401809971,2025-10-27,BKN,HOU,0,109,37,22,15,2026-01-05T08:51:50Z
2026,401809970,2025-10-27,ATL,CHI,0,123,36,32,11,2026-01-05T08:51:50Z
2026,401809970,2025-10-27,CHI,ATL,1,128,51,33,16,2026-01-05T08:51:50Z
2026,401809974,2025-10-27,OKC,DAL,0,101,55,21,6,2026-01-05T08:51:51Z
2026,401809974,2025-10-27,DAL,OKC,1,94,36,20,12,2026-01-05T08:51:51Z
2026,401809973,2025-10-27,SA,TOR,1,121,44,29,13,2026-01-05T08:51:51Z
2026,401809972,2025-10-27,BOS,NO,0,122,54,25,18,2026-01-05T08:51:51Z
2026,401809972,2025-10-27,NO,BOS,1,90,35,17,9,2026-01-05T08:51:51Z
2026,401809973,2025-10-27,TOR,SA,0,103,20,29,12,2026-01-05T08:51:51Z
2026,401809977,2025-10-27,LAL,POR,1,108,42,23,7,2026-01-05T08:51:52Z
2026,401809977,2025-10-27,POR,LAL,0,122,49,24,14,2026-01-05T08:51:52Z
2026,401809976,2025-10-27,GS,MEM,1,131,39,36,19,2026-01-05T08:51:52Z
2026,401809975,2025-10-27,UTAH,PHX,1,138,64,27,16,2026-01-05T08:51:52Z
2026,401809975,2025-10-27,PHX,UTAH,0,134,48,37,20,2026-01-05T08:51:52Z
2026,401809976,2025-10-27,MEM,GS,0,118,39,32,12,2026-01-05T08:51:52Z
2026,401809978,2025-10-28,PHI,WSH,0,139,55,26,17,2026-01-05T08:51:53Z
2026,401809978,2025-10-28,WSH,PHI,1,134,50,33,17,2026-01-05T08:51:53Z
2026,401809980,2025-10-28,NY,MIL,0,111,45,24,13,2026-01-05T08:51:54Z
2026,401809979,2025-10-28,CHA,MIA,0,117,41,26,18,2026-01-05T08:51:54Z
2026,401809979,2025-10-28,MIA,CHA,1,144,37,34,20,2026-01-05T08:51:54Z
2026,401809981,2025-10-28,SAC,OKC,0,101,46,21,10,2026-01-05T08:51:54Z
2026,401809981,2025-10-28,OKC,SAC,1,107,44,26,14,2026-01-05T08:51:54Z
2026,401809980,2025-10-28,MIL,NY,1,121,38,27,14,2026-01-05T08:51:54Z
2026,401809982,2025-10-28,LAC,GS,0,79,47,10,6,2026-01-05T08:51:55Z
2026,401809982,2025-10-28,GS,LAC,1,98,42,24,17,2026-01-05T08:51:55Z
2026,401809983,2025-10-29,CLE,BOS,0,105,42,25,17,2026-01-05T08:51:55Z
2026,401809983,2025-10-29,BOS,CLE,1,125,53,29,21,2026-01-05T08:51:55Z
2026,401809984,2025-10-29,ORL,DET,0,116,43,22,12,2026-01-05T08:51:56Z
2026,401809984,2025-10-29,DET,ORL,1,135,46,29,13,2026-01-05T08:51:56Z
2026,401809985,2025-10-29,ATL,BKN,0,117,44,33,13,2026-01-05T08:51:56Z
2026,401809985,2025-10-29,BKN,ATL,1,112,47,23,11,2026-01-05T08:51:56Z
2026,401809986,2025-10-29,TOR,HOU,1,121,22,29,21,2026-01-05T08:51:57Z
2026,401809987,2025-10-29,CHI,SAC,1,126,46,34,14,2026-01-05T08:51:57Z
2026,401809986,2025-10-29,HOU,TOR,0,139,53,31,13,2026-01-05T08:51:57Z
2026,401809987,2025-10-29,SAC,CHI,0,113,31,28,7,2026-01-05T08:51:57Z
2026,401809988,2025-10-29,DAL,IND,1,107,47,21,5,2026-01-05T08:51:58Z
2026,401809988,2025-10-29,IND,DAL,0,105,52,20,13,2026-01-05T08:51:58Z
2026,401809989,2025-10-29,DEN,NO,1,122,56,40,14,2026-01-05T08:51:58Z
2026,401809989,2025-10-29,NO,DEN,0,88,36,17,7,2026-01-05T08:51:58Z
2026,401809990,2025-10-29,POR,UTAH,0,136,39,34,21,2026-01-05T08:51:59Z
2026,401809990,2025-10-29,UTAH,POR,1,134,46,30,11,2026-01-05T08:51:59Z
2026,401809991,2025-10-29,LAL,MIN,0,116,40,34,11,2026-01-05T08:51:59Z
2026,401809991,2025-10-29,MIN,LAL,1,115,34,30,15,2026-01-05T08:51:59Z
2026,401809992,2025-10-29,MEM,PHX,0,114,41,31,15,2026-01-05T08:52:00Z
2026,401809992,2025-10-29,PHX,MEM,1,113,40,25,16,2026-01-05T08:52:00Z
2026,401809993,2025-10-30,ORL,CHA,0,123,38,29,16,2026-01-05T08:52:00Z
2026,401809993,2025-10-30,CHA,ORL,1,107,41,24,11,2026-01-05T08:52:00Z
2026,401809994,2025-10-30,GS,MIL,0,110,44,23,13,2026-01-05T08:52:01Z
2026,401809994,2025-10-30,MIL,GS,1,120,34,25,19,2026-01-05T08:52:01Z
2026,401809995,2025-10-30,WSH,OKC,0,108,49,25,17,2026-01-05T08:52:01Z
2026,401809995,2025-10-30,OKC,WSH,1,127,47,29,16,2026-01-05T08:52:01Z
2026,401809996,2025-10-30,MIA,SA,0,101,41,29,15,2026-01-05T08:52:02Z
2026,401809997,2025-11-01,SAC,MIL,0,135,38,30,10,2026-01-05T08:52:02Z
2026,401809996,2025-10-30,SA,MIA,1,107,48,26,14,2026-01-05T08:52:02Z
2026,401809998,2025-11-01,MIN,CHA,0,122,38,31,17,2026-01-05T08:52:02Z
2026,401809998,2025-11-01,CHA,MIN,1,105,45,23,13,2026-01-05T08:52:02Z
2026,401809997,2025-11-01,MIL,SAC,1,133,37,30,15,2026-01-05T08:52:02Z
2026,401809999,2025-11-01,GS,IND,0,109,44,25,12,2026-01-05T08:52:03Z
2026,401809999,2025-11-01,IND,GS,1,114,47,24,10,2026-01-05T08:52:03Z
2026,401810000,2025-11-01,ORL,WSH,0,125,53,32,12,2026-01-05T08:52:03Z
2026,401810000,2025-11-01,WSH,ORL,1,94,40,19,9,2026-01-05T08:52:03Z
2026,401810003,2025-11-02,OKC,NO,1,137,42,33,20,2026-01-05T08:52:04Z
2026,401810003,2025-11-02,NO,OKC,0,106,38,26,16,2026-01-05T08:52:04Z
2026,401810002,2025-11-01,DET,DAL,1,122,47,29,9,2026-01-05T08:52:04Z
2026,401810002,2025-11-01,DAL,DET,0,110,43,23,16,2026-01-05T08:52:04Z
2026,401810001,2025-11-01,HOU,BOS,0,128,53,30,19,2026-01-05T08:52:04Z
2026,401810001,2025-11-01,BOS,HOU,1,101,36,24,14,2026-01-05T08:52:04Z
2026,401810005,2025-11-02,CHA,UTAH,1,126,46,31,18,2026-01-05T08:52:05Z
2026,401810005,2025-11-02,UTAH,CHA,0,103,38,27,7,2026-01-05T08:52:05Z
2026,401810004,2025-11-02,PHI,BKN,0,129,44,34,15,2026-01-05T08:52:05Z
2026,401810004,2025-11-02,BKN,PHI,1,105,44,21,7,2026-01-05T08:52:05Z
2026,401810007,2025-11-02,TOR,MEM,1,117,49,32,11,2026-01-05T08:52:06Z
2026,401810007,2025-11-02,MEM,TOR,0,104,41,24,11,2026-01-05T08:52:06Z
2026,401810006,2025-11-02,ATL,CLE,0,109,46,28,6,2026-01-05T08:52:06Z
2026,401810006,2025-11-02,CLE,ATL,1,117,44,30,20,2026-01-05T08:52:06Z
2026,401810008,2025-11-02,CHI,NY,0,116,46,28,17,2026-01-05T08:52:07Z
2026,401810008,2025-11-02,NY,CHI,1,128,47,31,20,2026-01-05T08:52:07Z
2026,401810009,2025-11-02,SA,PHX,0,118,41,21,10,2026-01-05T08:52:07Z
2026,401810009,2025-11-02,PHX,SA,1,130,39,34,19,2026-01-05T08:52:07Z
2026,401810010,2025-11-02,MIA,LAL,0,120,42,29,9,2026-01-05T08:52:07Z
2026,401810010,2025-11-02,LAL,MIA,1,130,41,33,15,2026-01-05T08:52:07Z
2026,401810012,2025-11-03,MIL,IND,0,117,43,24,20,2026-01-05T08:52:08Z
2026,401810012,2025-11-03,IND,MIL,1,115,45,24,8,2026-01-05T08:52:08Z
2026,401810011,2025-11-03,MIN,BKN,0,125,53,33,14,2026-01-05T08:52:08Z
2026,401810011,2025-11-03,BKN,MIN,1,109,40,25,12,2026-01-05T08:52:08Z
2026,401810014,2025-11-03,WSH,NY,0,102,44,30,13,2026-01-05T08:52:09Z
2026,401810014,2025-11-03,NY,WSH,1,119,49,32,15,2026-01-05T08:52:09Z
2026,401810013,2025-11-03,UTAH,BOS,0,105,55,23,9,2026-01-05T08:52:09Z
2026,401810013,2025-11-03,BOS,UTAH,1,103,36,21,11,2026-01-05T08:52:09Z
2026,401810016,2025-11-03,MEM,DET,1,106,49,25,14,2026-01-05T08:52:10Z
2026,401810016,2025-11-03,DET,MEM,0,114,43,23,10,2026-01-05T08:52:10Z
2026,401810015,2025-11-03,DAL,HOU,0,102,40,30,9,2026-01-05T08:52:10Z
2026,401810015,2025-11-03,HOU,DAL,1,110,54,23,8,2026-01-05T08:52:10Z
2026,401810019,2025-11-03,MIA,LAC,0,120,37,33,12,2026-01-05T08:52:11Z
2026,401810018,2025-11-03,POR,LAL,1,115,38,23,9,2026-01-05T08:52:11Z
2026,401810019,2025-11-03,LAC,MIA,1,119,44,25,17,2026-01-05T08:52:11Z
2026,401810017,2025-11-03,DEN,SAC,1,130,40,33,12,2026-01-05T08:52:11Z
2026,401810017,2025-11-03,SAC,DEN,0,124,47,27,9,2026-01-05T08:52:11Z
2026,401810018,2025-11-03,LAL,POR,0,123,34,29,9,2026-01-05T08:52:11Z
2026,401810020,2025-11-04,MIL,TOR,0,100,41,26,11,2026-01-05T08:52:12Z
2026,401810021,2025-11-04,ORL,ATL,0,112,41,26,11,2026-01-05T08:52:12Z
2026,401810021,2025-11-04,ATL,ORL,1,127,34,23,13,2026-01-05T08:52:12Z
2026,401810020,2025-11-04,TOR,MIL,1,128,50,33,17,2026-01-05T08:52:12Z
2026,401810022,2025-11-04,CHI,PHI,1,113,48,26,13,2026-01-05T08:52:13Z
2026,401810022,2025-11-04,PHI,CHI,0,111,40,22,11,2026-01-05T08:52:13Z
2026,401810023,2025-11-04,CHA,NO,0,112,49,20,13,2026-01-05T08:52:13Z
2026,401810023,2025-11-04,NO,CHA,1,116,39,27,17,2026-01-05T08:52:13Z
2026,401810024,2025-11-04,PHX,GS,0,107,46,25,12,2026-01-05T08:52:14Z
2026,401810024,2025-11-04,GS,PHX,1,118,39,33,19,2026-01-05T08:52:14Z
2026,401810025,2025-11-04,OKC,LAC,0,126,40,28,18,2026-01-05T08:52:14Z
2026,401810025,2025-11-04,LAC,OKC,1,107,42,26,18,2026-01-05T08:52:14Z
2026,401810026,2025-11-05,PHI,CLE,0,121,43,26,12,2026-01-05T08:52:15Z
2026,401810026,2025-11-05,CLE,PHI,1,132,34,33,18,2026-01-05T08:52:15Z
2026,401810027,2025-11-05,UTAH,DET,0,103,44,24,12,2026-01-05T08:52:15Z
2026,401810027,2025-11-05,DET,UTAH,1,114,52,24,11,2026-01-05T08:52:15Z
2026,401810028,2025-11-05,BKN,IND,0,112,45,26,14,2026-01-05T08:52:16Z
2026,401810028,2025-11-05,IND,BKN,1,103,56,29,13,2026-01-05T08:52:16Z
2026,401810029,2025-11-05,WSH,BOS,0,107,40,25,9,2026-01-05T08:52:17Z
2026,401810030,2025-11-05,MIN,NY,0,114,31,30,19,2026-01-05T08:52:17Z
2026,401810029,2025-11-05,BOS,WSH,1,136,40,31,16,2026-01-05T08:52:17Z
2026,401810031,2025-11-05,MEM,HOU,1,109,47,25,13,2026-01-05T08:52:17Z
2026,401810031,2025-11-05,HOU,MEM,0,124,54,29,13,2026-01-05T08:52:17Z
2026,401810030,2025-11-05,NY,MIN,1,137,50,32,19,2026-01-05T08:52:17Z
2026,401810032,2025-11-05,NO,DAL,0,101,56,18,10,2026-01-05T08:52:18Z
2026,401810032,2025-11-05,DAL,NO,1,99,44,18,10,2026-01-05T08:52:18Z
2026,401810034,2025-11-05,SA,LAL,0,116,37,22,13,2026-01-05T08:52:19Z
2026,401810034,2025-11-05,LAL,SA,1,118,38,23,10,2026-01-05T08:52:19Z
2026,401810033,2025-11-05,MIA,DEN,0,112,38,26,14,2026-01-05T08:52:19Z
2026,401810033,2025-11-05,DEN,MIA,1,122,61,33,11,2026-01-05T08:52:19Z
2026,401810035,2025-11-05,OKC,POR,0,119,50,24,15,2026-01-05T08:52:20Z
2026,401810035,2025-11-05,POR,OKC,1,121,49,24,19,2026-01-05T08:52:20Z
2026,401810036,2025-11-05,GS,SAC,0,116,44,28,17,2026-01-05T08:52:20Z
2026,401810036,2025-11-05,SAC,GS,1,121,47,27,11,2026-01-05T08:52:20Z
2026,401810037,2025-11-06,PHX,LAC,1,115,44,27,19,2026-01-05T08:52:21Z
2026,401810038,2025-11-08,WSH,DAL,1,105,44,17,11,2026-01-05T08:52:21Z
2026,401810038,2025-11-08,DAL,WSH,0,111,51,26,6,2026-01-05T08:52:21Z
2026,401810037,2025-11-06,LAC,PHX,0,102,41,24,10,2026-01-05T08:52:21Z
2026,401810039,2025-11-08,PHI,TOR,1,130,54,31,10,2026-01-05T08:52:22Z
2026,401810039,2025-11-08,TOR,PHI,0,120,38,29,16,2026-01-05T08:52:22Z
2026,401810040,2025-11-08,LAL,ATL,0,102,47,23,12,2026-01-05T08:52:23Z
2026,401810040,2025-11-08,ATL,LAL,1,122,37,37,16,2026-01-05T08:52:23Z
2026,401810041,2025-11-08,CHI,CLE,0,122,49,27,13,2026-01-05T08:52:23Z
2026,401810041,2025-11-08,CLE,CHI,1,128,39,32,17,2026-01-05T08:52:23Z
2026,401810042,2025-11-08,POR,MIA,0,131,57,29,14,2026-01-05T08:52:23Z
2026,401810042,2025-11-08,MIA,POR,1,136,47,37,10,2026-01-05T08:52:23Z
2026,401810044,2025-11-08,DEN,IND,1,117,55,32,8,2026-01-05T08:52:24Z
2026,401810044,2025-11-08,IND,DEN,0,100,43,20,8,2026-01-05T08:52:24Z
2026,401810043,2025-11-08,SA,NO,1,126,43,31,14,2026-01-05T08:52:24Z
2026,401810043,2025-11-08,NO,SA,0,119,40,27,15,2026-01-05T08:52:24Z
2026,401810046,2025-11-09,MIL,HOU,1,115,27,25,13,2026-01-05T08:52:25Z
2026,401810046,2025-11-09,HOU,MIL,0,122,50,24,10,2026-01-05T08:52:25Z
2026,401810045,2025-11-08,PHX,LAC,0,114,42,30,16,2026-01-05T08:52:25Z
2026,401810045,2025-11-08,LAC,PHX,1,103,27,26,10,2026-01-05T08:52:25Z
2026,401810048,2025-11-09,ORL,BOS,1,107,42,21,7,2026-01-05T08:52:26Z
2026,401810048,2025-11-09,BOS,ORL,0,111,41,22,13,2026-01-05T08:52:26Z
2026,401810047,2025-11-09,NY,BKN,1,134,46,31,17,2026-01-05T08:52:26Z
2026,401810047,2025-11-09,BKN,NY,0,98,38,21,14,2026-01-05T08:52:26Z
2026,401810050,2025-11-09,DET,PHI,0,111,37,23,13,2026-01-05T08:52:27Z
2026,401810049,2025-11-09,OKC,MEM,0,114,51,19,10,2026-01-05T08:52:27Z
2026,401810049,2025-11-09,MEM,OKC,1,100,50,30,17,2026-01-05T08:52:27Z
2026,401810050,2025-11-09,PHI,DET,1,108,44,22,12,2026-01-05T08:52:27Z
2026,401810052,2025-11-09,MIN,SAC,0,144,44,28,18,2026-01-05T08:52:28Z
2026,401810053,2025-11-10,LAL,CHA,0,121,36,25,14,2026-01-05T08:52:28Z
2026,401810052,2025-11-09,SAC,MIN,1,117,43,25,13,2026-01-05T08:52:28Z
2026,401810053,2025-11-10,CHA,LAL,1,111,37,28,17,2026-01-05T08:52:28Z
2026,401810051,2025-11-09,GS,IND,1,114,50,22,12,2026-01-05T08:52:28Z
2026,401810051,2025-11-09,IND,GS,0,83,53,21,11,2026-01-05T08:52:28Z
2026,401810054,2025-11-10,WSH,DET,0,135,46,26,15,2026-01-05T08:52:29Z
2026,401810054,2025-11-10,DET,WSH,1,137,63,27,13,2026-01-05T08:52:29Z
2026,401810055,2025-11-10,ORL,POR,1,115,50,26,8,2026-01-05T08:52:29Z
2026,401810055,2025-11-10,POR,ORL,0,112,38,22,13,2026-01-05T08:52:29Z
2026,401810057,2025-11-10,CHI,SA,1,117,45,29,16,2026-01-05T08:52:30Z
2026,401810057,2025-11-10,SA,CHI,0,121,47,30,10,2026-01-05T08:52:30Z
2026,401810056,2025-11-10,MIA,CLE,1,140,56,32,12,2026-01-05T08:52:30Z
2026,401810056,2025-11-10,CLE,MIA,0,138,60,26,21,2026-01-05T08:52:30Z
2026,401810058,2025-11-10,MIL,DAL,0,116,44,24,14,2026-01-05T08:52:31Z
2026,401810058,2025-11-10,DAL,MIL,1,114,52,25,9,2026-01-05T08:52:31Z
2026,401810059,2025-11-10,NO,PHX,0,98,40,18,10,2026-01-05T08:52:31Z
2026,401810059,2025-11-10,PHX,NO,1,121,43,29,19,2026-01-05T08:52:31Z
2026,401810060,2025-11-10,MIN,UTAH,0,120,42,25,10,2026-01-05T08:52:31Z
2026,401810060,2025-11-10,UTAH,MIN,1,113,50,30,17,2026-01-05T08:52:31Z
2026,401810063,2025-11-11,NY,MEM,1,133,44,35,22,2026-01-05T08:52:32Z
2026,401810062,2025-11-11,BKN,TOR,1,109,36,24,14,2026-01-05T08:52:32Z
2026,401810063,2025-11-11,MEM,NY,0,120,44,36,14,2026-01-05T08:52:32Z
2026,401810061,2025-11-10,LAC,ATL,1,102,42,19,12,2026-01-05T08:52:32Z
2026,401810061,2025-11-10,ATL,LAC,0,105,41,30,13,2026-01-05T08:52:32Z
2026,401810062,2025-11-11,TOR,BKN,0,119,50,31,9,2026-01-05T08:52:32Z
2026,401810065,2025-11-11,OKC,GS,1,126,40,29,16,2026-01-05T08:52:33Z
2026,401810065,2025-11-11,GS,OKC,0,102,32,23,13,2026-01-05T08:52:33Z
2026,401810064,2025-11-11,BOS,PHI,0,100,53,23,13,2026-01-05T08:52:33Z
2026,401810064,2025-11-11,PHI,BOS,1,102,44,24,14,2026-01-05T08:52:33Z
2026,401810068,2025-11-12,CHA,MIL,1,111,50,27,12,2026-01-05T08:52:34Z
2026,401810068,2025-11-12,MIL,CHA,0,100,34,29,12,2026-01-05T08:52:34Z
2026,401810067,2025-11-11,SAC,DEN,1,108,35,31,10,2026-01-05T08:52:34Z
2026,401810066,2025-11-11,UTAH,IND,1,152,45,38,19,2026-01-05T08:52:34Z
2026,401810066,2025-11-11,IND,UTAH,0,128,35,29,10,2026-01-05T08:52:34Z
2026,401810067,2025-11-11,DEN,SAC,0,122,48,24,13,2026-01-05T08:52:34Z
2026,401810070,2025-11-12,ORL,NY,0,124,49,29,12,2026-01-05T08:52:35Z
2026,401810070,2025-11-12,NY,ORL,1,107,37,20,11,2026-01-05T08:52:35Z
2026,401810069,2025-11-12,CHI,DET,0,113,44,21,12,2026-01-05T08:52:35Z
2026,401810069,2025-11-12,DET,CHI,1,124,44,30,13,2026-01-05T08:52:35Z
2026,401810071,2025-11-12,BOS,MEM,1,131,58,34,21,2026-01-05T08:52:36Z
2026,401810071,2025-11-12,MEM,BOS,0,95,41,25,10,2026-01-05T08:52:36Z
2026,401810072,2025-11-12,MIA,CLE,1,116,44,29,15,2026-01-05T08:52:36Z
2026,401810072,2025-11-12,CLE,MIA,0,130,49,32,14,2026-01-05T08:52:36Z
2026,401810073,2025-11-12,WSH,HOU,0,112,37,25,15,2026-01-05T08:52:37Z
2026,401810073,2025-11-12,HOU,WSH,1,135,53,32,17,2026-01-05T08:52:37Z
2026,401810074,2025-11-12,POR,NO,0,125,39,26,13,2026-01-05T08:52:37Z
2026,401810074,2025-11-12,NO,POR,1,117,35,28,13,2026-01-05T08:52:37Z
2026,401810075,2025-11-12,GS,SA,0,125,40,30,21,2026-01-05T08:52:37Z
2026,401810075,2025-11-12,SA,GS,1,120,49,30,14,2026-01-05T08:52:37Z
2026,401810076,2025-11-12,DAL,PHX,1,114,45,32,17,2026-01-05T08:52:38Z
2026,401810076,2025-11-12,PHX,DAL,0,123,46,31,14,2026-01-05T08:52:38Z
2026,401810077,2025-11-12,LAL,OKC,0,92,42,19,11,2026-01-05T08:52:38Z
2026,401810077,2025-11-12,OKC,LAL,1,121,42,28,12,2026-01-05T08:52:38Z
2026,401810078,2025-11-12,SAC,ATL,1,100,35,22,14,2026-01-05T08:52:39Z
2026,401810078,2025-11-12,ATL,SAC,0,133,45,42,17,2026-01-05T08:52:39Z
2026,401810079,2025-11-12,DEN,LAC,0,130,42,22,13,2026-01-05T08:52:39Z
2026,401810079,2025-11-12,LAC,DEN,1,116,36,28,16,2026-01-05T08:52:39Z
2026,401810082,2025-11-13,UTAH,ATL,1,122,49,39,19,2026-01-05T08:52:40Z
2026,401810082,2025-11-13,ATL,UTAH,0,132,43,36,24,2026-01-05T08:52:40Z
2026,401810081,2025-11-13,PHX,IND,1,133,43,19,13,2026-01-05T08:52:40Z
2026,401810080,2025-11-13,CLE,TOR,1,113,37,26,10,2026-01-05T08:52:40Z
2026,401810080,2025-11-13,TOR,CLE,0,126,43,37,12,2026-01-05T08:52:40Z
2026,401810081,2025-11-13,IND,PHX,0,98,41,20,7,2026-01-05T08:52:40Z
2026,401810083,2025-11-15,MEM,CLE,0,100,46,21,9,2026-01-05T08:52:41Z
2026,401810083,2025-11-15,CLE,MEM,1,108,49,24,13,2026-01-05T08:52:41Z
2026,401810084,2025-11-15,OKC,CHA,0,109,50,26,11,2026-01-05T08:52:41Z
2026,401810084,2025-11-15,CHA,OKC,1,96,42,23,16,2026-01-05T08:52:41Z
2026,401810085,2025-11-15,IND,TOR,1,111,40,22,15,2026-01-05T08:52:42Z
2026,401810085,2025-11-15,TOR,IND,0,129,46,29,7,2026-01-05T08:52:42Z
2026,401810086,2025-11-15,LAL,MIL,0,119,47,23,13,2026-01-05T08:52:43Z
2026,401810086,2025-11-15,MIL,LAL,1,95,39,20,15,2026-01-05T08:52:43Z
2026,401810087,2025-11-15,DEN,MIN,0,123,47,29,14,2026-01-05T08:52:43Z
2026,401810087,2025-11-15,MIN,DEN,1,112,40,23,10,2026-01-05T08:52:43Z
2026,401810089,2025-11-16,SAC,SA,0,110,37,25,12,2026-01-05T08:52:44Z
2026,401810088,2025-11-16,LAC,BOS,0,118,44,23,14,2026-01-05T08:52:44Z
2026,401810088,2025-11-16,BOS,LAC,1,121,49,26,16,2026-01-05T08:52:44Z
2026,401810090,2025-11-16,WSH,BKN,1,106,33,21,12,2026-01-05T08:52:44Z
2026,401810090,2025-11-16,BKN,WSH,0,129,44,32,17,2026-01-05T08:52:44Z
2026,401810089,2025-11-16,SA,SAC,1,123,46,38,14,2026-01-05T08:52:44Z
2026,401810091,2025-11-16,ORL,HOU,0,113,38,21,12,2026-01-05T08:52:45Z
2026,401810091,2025-11-16,HOU,ORL,1,117,60,19,8,2026-01-05T08:52:45Z
2026,401810092,2025-11-16,GS,NO,0,124,47,34,24,2026-01-05T08:52:45Z
2026,401810092,2025-11-16,NO,GS,1,106,45,22,8,2026-01-05T08:52:45Z
2026,401810094,2025-11-16,PHX,ATL,1,122,47,23,10,2026-01-05T08:52:46Z
2026,401810094,2025-11-16,ATL,PHX,0,124,34,35,14,2026-01-05T08:52:46Z
2026,401810093,2025-11-16,POR,DAL,0,133,53,26,14,2026-01-05T08:52:46Z
2026,401810093,2025-11-16,DAL,POR,1,138,47,33,15,2026-01-05T08:52:46Z
2026,401810095,2025-11-16,CHI,UTAH,0,147,60,38,19,2026-01-05T08:52:47Z
2026,401810095,2025-11-16,UTAH,CHI,1,150,53,29,18,2026-01-05T08:52:47Z
2026,401810096,2025-11-17,MIL,CLE,0,106,34,26,17,2026-01-05T08:52:47Z
2026,401810096,2025-11-17,CLE,MIL,1,118,45,25,15,2026-01-05T08:52:47Z
2026,401810098,2025-11-17,LAC,PHI,0,108,45,18,12,2026-01-05T08:52:48Z
2026,401810097,2025-11-17,DET,IND,1,127,43,29,9,2026-01-05T08:52:48Z
2026,401810097,2025-11-17,IND,DET,0,112,43,19,9,2026-01-05T08:52:48Z
2026,401810098,2025-11-17,PHI,LAC,1,110,45,26,11,2026-01-05T08:52:48Z
2026,401810099,2025-11-17,MIA,NY,1,115,40,29,14,2026-01-05T08:52:48Z
2026,401810099,2025-11-17,NY,MIA,0,113,48,23,9,2026-01-05T08:52:48Z
2026,401810100,2025-11-17,CHA,TOR,0,108,48,19,10,2026-01-05T08:52:49Z
2026,401810100,2025-11-17,TOR,CHA,1,110,43,25,10,2026-01-05T08:52:49Z
2026,401810101,2025-11-17,DAL,MIN,0,96,43,13,9,2026-01-05T08:52:49Z
2026,401810101,2025-11-17,MIN,DAL,1,120,59,27,14,2026-01-05T08:52:49Z
2026,401810103,2025-11-17,CHI,DEN,0,130,53,31,19,2026-01-05T08:52:50Z
2026,401810102,2025-11-17,NO,OKC,1,109,35,21,12,2026-01-05T08:52:50Z
2026,401810102,2025-11-17,OKC,NO,0,126,38,30,17,2026-01-05T08:52:50Z
2026,401810103,2025-11-17,DEN,CHI,1,127,53,21,14,2026-01-05T08:52:50Z
2026,401810105,2025-11-18,BOS,BKN,0,113,49,25,19,2026-01-05T08:52:51Z
2026,401810105,2025-11-18,BKN,BOS,1,99,39,25,14,2026-01-05T08:52:51Z
2026,401810104,2025-11-18,GS,ORL,0,113,36,26,13,2026-01-05T08:52:51Z
2026,401810104,2025-11-18,ORL,GS,1,121,43,28,8,2026-01-05T08:52:51Z
2026,401810107,2025-11-18,MEM,SA,0,101,59,30,12,2026-01-05T08:52:52Z
2026,401810107,2025-11-18,SA,MEM,1,111,38,23,16,2026-01-05T08:52:52Z
2026,401810106,2025-11-18,ATL,DET,1,112,35,31,15,2026-01-05T08:52:52Z
2026,401810106,2025-11-18,DET,ATL,0,120,39,28,10,2026-01-05T08:52:52Z
2026,401810109,2025-11-18,POR,PHX,1,110,43,24,10,2026-01-05T08:52:53Z
2026,401810109,2025-11-18,PHX,POR,0,127,46,24,14,2026-01-05T08:52:53Z
2026,401810108,2025-11-18,UTAH,LAL,0,126,33,33,13,2026-01-05T08:52:53Z
2026,401810108,2025-11-18,LAL,UTAH,1,140,41,31,11,2026-01-05T08:52:53Z
2026,401810112,2025-11-19,MIA,GS,1,110,52,30,13,2026-01-05T08:52:54Z
2026,401810112,2025-11-19,GS,MIA,0,96,62,24,13,2026-01-05T08:52:54Z
2026,401810111,2025-11-19,IND,CHA,1,127,43,32,16,2026-01-05T08:52:54Z
2026,401810110,2025-11-19,CLE,HOU,1,104,39,20,12,2026-01-05T08:52:54Z
2026,401810110,2025-11-19,HOU,CLE,0,114,51,23,9,2026-01-05T08:52:54Z
2026,401810111,2025-11-19,CHA,IND,0,118,48,28,13,2026-01-05T08:52:54Z
2026,401810114,2025-11-19,MIN,WSH,1,120,50,28,13,2026-01-05T08:52:55Z
2026,401810114,2025-11-19,WSH,MIN,0,109,43,25,14,2026-01-05T08:52:55Z
2026,401810113,2025-11-19,TOR,PHI,0,121,31,33,11,2026-01-05T08:52:55Z
2026,401810113,2025-11-19,PHI,TOR,1,112,41,24,14,2026-01-05T08:52:55Z
2026,401810116,2025-11-19,SAC,OKC,0,99,45,21,8,2026-01-05T08:52:56Z
2026,401810116,2025-11-19,OKC,SAC,1,113,45,22,10,2026-01-05T08:52:56Z
2026,401810115,2025-11-19,NO,DEN,1,118,44,25,7,2026-01-05T08:52:56Z
2026,401810115,2025-11-19,DEN,NO,0,125,41,35,11,2026-01-05T08:52:56Z
2026,401810117,2025-11-19,NY,DAL,0,113,49,27,12,2026-01-05T08:52:57Z
2026,401810117,2025-11-19,DAL,NY,1,111,50,23,16,2026-01-05T08:52:57Z
2026,401810118,2025-11-19,CHI,POR,0,122,38,36,21,2026-01-05T08:52:57Z
2026,401810118,2025-11-19,POR,CHI,1,121,64,27,12,2026-01-05T08:52:57Z
2026,401810119,2025-11-20,LAC,ORL,0,101,43,20,14,2026-01-05T08:52:58Z
2026,401810119,2025-11-20,ORL,LAC,1,129,51,32,18,2026-01-05T08:52:58Z
2026,401810120,2025-11-20,SAC,MEM,0,96,32,24,11,2026-01-05T08:52:58Z
2026,401810120,2025-11-20,MEM,SAC,1,137,49,42,17,2026-01-05T08:52:58Z
2026,401810121,2025-11-20,MIL,PHI,1,114,42,30,14,2026-01-05T08:52:59Z
2026,401810123,2025-11-22,LAC,CHA,0,131,41,30,19,2026-01-05T08:52:59Z
2026,401810121,2025-11-20,PHI,MIL,0,123,52,30,18,2026-01-05T08:52:59Z
2026,401810123,2025-11-22,CHA,LAC,1,116,38,24,11,2026-01-05T08:52:59Z
2026,401810122,2025-11-20,SA,ATL,1,135,43,34,17,2026-01-05T08:52:59Z
2026,401810122,2025-11-20,ATL,SA,0,126,39,30,20,2026-01-05T08:52:59Z
2026,401810125,2025-11-22,NO,ATL,1,98,48,21,8,2026-01-05T08:53:00Z
2026,401810125,2025-11-22,ATL,NO,0,115,42,28,17,2026-01-05T08:53:00Z
2026,401810124,2025-11-22,ORL,NY,1,133,36,28,13,2026-01-05T08:53:00Z
2026,401810124,2025-11-22,NY,ORL,0,121,36,28,13,2026-01-05T08:53:00Z
2026,401810126,2025-11-22,WSH,CHI,0,120,55,33,16,2026-01-05T08:53:01Z
2026,401810126,2025-11-22,CHI,WSH,1,121,54,26,12,2026-01-05T08:53:01Z
2026,401810127,2025-11-22,DET,MIL,0,129,32,31,16,2026-01-05T08:53:01Z
2026,401810127,2025-11-22,MIL,DET,1,116,35,29,20,2026-01-05T08:53:01Z
2026,401810130,2025-11-23,PHI,MIA,1,117,47,28,14,2026-01-05T08:53:02Z
2026,401810130,2025-11-23,MIA,PHI,0,127,58,32,11,2026-01-05T08:53:02Z
2026,401810129,2025-11-22,DEN,SAC,1,123,38,28,14,2026-01-05T08:53:02Z
2026,401810128,2025-11-22,DAL,MEM,1,96,41,19,12,2026-01-05T08:53:02Z
2026,401810128,2025-11-22,MEM,DAL,0,102,61,26,8,2026-01-05T08:53:02Z
2026,401810129,2025-11-22,SAC,DEN,0,128,37,32,10,2026-01-05T08:53:02Z
2026,401810132,2025-11-23,BOS,ORL,1,138,37,29,15,2026-01-05T08:53:03Z
2026,401810132,2025-11-23,ORL,BOS,0,129,44,33,16,2026-01-05T08:53:03Z
2026,401810131,2025-11-23,CHA,ATL,0,110,43,26,14,2026-01-05T08:53:03Z
2026,401810131,2025-11-23,ATL,CHA,1,113,37,32,11,2026-01-05T08:53:03Z
2026,401810135,2025-11-23,POR,OKC,0,95,45,18,12,2026-01-05T08:53:04Z
2026,401810135,2025-11-23,OKC,POR,1,122,49,33,15,2026-01-05T08:53:04Z
2026,401810134,2025-11-23,TOR,BKN,1,119,32,30,15,2026-01-05T08:53:04Z
2026,401810133,2025-11-23,CLE,LAC,1,120,41,28,17,2026-01-05T08:53:04Z
2026,401810133,2025-11-23,LAC,CLE,0,105,40,23,8,2026-01-05T08:53:04Z
2026,401810134,2025-11-23,BKN,TOR,0,109,40,23,12,2026-01-05T08:53:04Z
2026,401810136,2025-11-23,SA,PHX,0,102,50,17,10,2026-01-05T08:53:05Z
2026,401810136,2025-11-23,PHX,SA,1,111,43,27,14,2026-01-05T08:53:05Z
2026,401810137,2025-11-23,LAL,UTAH,0,108,45,23,10,2026-01-05T08:53:05Z
2026,401810137,2025-11-23,UTAH,LAL,1,106,45,27,13,2026-01-05T08:53:05Z
2026,401810140,2025-11-24,BKN,NY,1,100,44,19,14,2026-01-05T08:53:06Z
2026,401810139,2025-11-24,TOR,CLE,1,110,51,28,10,2026-01-05T08:53:06Z
2026,401810140,2025-11-24,NY,BKN,0,113,43,28,12,2026-01-05T08:53:06Z
2026,401810138,2025-11-24,IND,DET,1,117,30,22,13,2026-01-05T08:53:06Z
2026,401810138,2025-11-24,DET,IND,0,122,45,24,9,2026-01-05T08:53:06Z
2026,401810139,2025-11-24,CLE,TOR,0,99,37,27,14,2026-01-05T08:53:06Z
2026,401810143,2025-11-24,POR,MIL,0,115,48,24,18,2026-01-05T08:53:07Z
2026,401810143,2025-11-24,MIL,POR,1,103,39,22,13,2026-01-05T08:53:07Z
2026,401810142,2025-11-24,MEM,DEN,1,115,40,33,16,2026-01-05T08:53:07Z
2026,401810141,2025-11-24,MIA,DAL,1,106,53,22,5,2026-01-05T08:53:07Z
2026,401810141,2025-11-24,DAL,MIA,0,102,50,22,12,2026-01-05T08:53:07Z
2026,401810142,2025-11-24,DEN,MEM,0,125,46,32,22,2026-01-05T08:53:07Z
2026,401810144,2025-11-24,CHI,NO,0,130,33,29,20,2026-01-05T08:53:08Z
2026,401810144,2025-11-24,NO,CHI,1,143,55,28,13,2026-01-05T08:53:08Z
2026,401810145,2025-11-24,HOU,PHX,0,114,41,26,13,2026-01-05T08:53:08Z
2026,401810145,2025-11-24,PHX,HOU,1,92,39,11,13,2026-01-05T08:53:08Z
2026,401810148,2025-11-29,MIN,BOS,1,119,37,31,21,2026-01-05T08:53:09Z
2026,401810148,2025-11-29,BOS,MIN,0,115,43,24,16,2026-01-05T08:53:09Z
2026,401810147,2025-11-24,SAC,MIN,1,117,49,27,7,2026-01-05T08:53:09Z
2026,401810146,2025-11-24,GS,UTAH,1,134,50,34,19,2026-01-05T08:53:09Z
2026,401810146,2025-11-24,UTAH,GS,0,117,47,32,11,2026-01-05T08:53:09Z
2026,401810147,2025-11-24,MIN,SAC,0,112,55,21,13,2026-01-05T08:53:09Z
2026,401810150,2025-11-29,IND,CHI,1,103,44,24,13,2026-01-05T08:53:10Z
2026,401810150,2025-11-29,CHI,IND,0,101,45,24,14,2026-01-05T08:53:10Z
2026,401810149,2025-11-29,CHA,TOR,1,118,39,24,10,2026-01-05T08:53:10Z
2026,401810149,2025-11-29,TOR,CHA,0,111,52,34,9,2026-01-05T08:53:10Z
2026,401810153,2025-11-29,GS,NO,1,104,47,28,12,2026-01-05T08:53:11Z
2026,401810153,2025-11-29,NO,GS,0,96,50,16,7,2026-01-05T08:53:11Z
2026,401810152,2025-11-29,MIL,BKN,1,116,43,31,16,2026-01-05T08:53:11Z
2026,401810151,2025-11-29,MIA,DET,1,135,38,27,14,2026-01-05T08:53:11Z
2026,401810151,2025-11-29,DET,MIA,0,138,43,29,11,2026-01-05T08:53:11Z
2026,401810152,2025-11-29,BKN,MIL,0,99,31,23,16,2026-01-05T08:53:11Z
2026,401810155,2025-11-29,LAC,DAL,1,110,46,25,7,2026-01-05T08:53:12Z
2026,401810154,2025-11-29,DEN,PHX,0,130,40,36,22,2026-01-05T08:53:12Z
2026,401810154,2025-11-29,PHX,DEN,1,112,32,23,14,2026-01-05T08:53:12Z
2026,401810155,2025-11-29,DAL,LAC,0,114,37,22,11,2026-01-05T08:53:12Z
2026,401810156,2025-11-30,UTAH,HOU,1,101,33,32,9,2026-01-05T08:53:13Z
2026,401810156,2025-11-30,HOU,UTAH,0,129,50,30,11,2026-01-05T08:53:13Z
2026,401810157,2025-11-30,CLE,BOS,1,115,43,28,20,2026-01-05T08:53:13Z
2026,401810157,2025-11-30,BOS,CLE,0,117,46,19,14,2026-01-05T08:53:13Z
2026,401810159,2025-11-30,PHI,ATL,1,134,46,26,10,2026-01-05T08:53:14Z
2026,401810159,2025-11-30,ATL,PHI,0,142,58,36,15,2026-01-05T08:53:14Z
2026,401810158,2025-11-30,NY,TOR,1,116,61,27,16,2026-01-05T08:53:14Z
2026,401810158,2025-11-30,TOR,NY,0,94,40,27,11,2026-01-05T08:53:14Z
2026,401810162,2025-11-30,SAC,MEM,1,107,34,25,8,2026-01-05T08:53:15Z
2026,401810162,2025-11-30,MEM,SAC,0,115,52,28,9,2026-01-05T08:53:15Z
2026,401810161,2025-11-30,MIN,SA,1,125,36,35,17,2026-01-05T08:53:15Z
2026,401810160,2025-11-30,POR,OKC,1,115,49,22,16,2026-01-05T08:53:15Z
2026,401810160,2025-11-30,OKC,POR,0,123,49,27,10,2026-01-05T08:53:15Z
2026,401810161,2025-11-30,SA,MIN,0,112,33,17,8,2026-01-05T08:53:15Z
2026,401810163,2025-11-30,NO,LAL,0,121,40,23,13,2026-01-05T08:53:16Z
2026,401810163,2025-11-30,LAL,NO,1,133,46,26,15,2026-01-05T08:53:16Z
2026,401810164,2025-12-01,ATL,DET,0,98,34,27,14,2026-01-05T08:53:16Z
2026,401810164,2025-12-01,DET,ATL,1,99,60,18,5,2026-01-05T08:53:16Z
2026,401810166,2025-12-01,MIL,WSH,0,126,35,29,21,2026-01-05T08:53:17Z
2026,401810165,2025-12-01,CLE,IND,0,135,48,27,14,2026-01-05T08:53:17Z
2026,401810165,2025-12-01,IND,CLE,1,119,36,19,10,2026-01-05T08:53:17Z
2026,401810167,2025-12-01,BKN,CHA,1,116,43,33,17,2026-01-05T08:53:17Z
2026,401810167,2025-12-01,CHA,BKN,0,103,42,26,12,2026-01-05T08:53:17Z
2026,401810166,2025-12-01,WSH,MIL,1,129,41,29,13,2026-01-05T08:53:17Z
2026,401810168,2025-12-01,LAC,MIA,0,123,46,23,9,2026-01-05T08:53:18Z
2026,401810168,2025-12-01,MIA,LAC,1,140,50,34,24,2026-01-05T08:53:18Z
2026,401810169,2025-12-01,CHI,ORL,0,120,43,30,16,2026-01-05T08:53:18Z
2026,401810169,2025-12-01,ORL,CHI,1,125,46,25,9,2026-01-05T08:53:18Z
2026,401810172,2025-12-01,LAL,PHX,1,108,39,18,13,2026-01-05T08:53:19Z
2026,401810172,2025-12-01,PHX,LAL,0,125,33,35,17,2026-01-05T08:53:19Z
2026,401810171,2025-12-01,UTAH,HOU,1,133,50,33,14,2026-01-05T08:53:19Z
2026,401810170,2025-12-01,DEN,DAL,1,121,47,37,12,2026-01-05T08:53:19Z
2026,401810170,2025-12-01,DAL,DEN,0,131,43,35,16,2026-01-05T08:53:19Z
2026,401810171,2025-12-01,HOU,UTAH,0,125,46,27,10,2026-01-05T08:53:19Z
2026,401810173,2025-12-02,WSH,PHI,0,102,53,23,9,2026-01-05T08:53:20Z
2026,401810174,2025-12-02,POR,TOR,0,118,39,23,15,2026-01-05T08:53:20Z
2026,401810174,2025-12-02,TOR,POR,1,121,43,33,11,2026-01-05T08:53:20Z
2026,401810173,2025-12-02,PHI,WSH,1,121,51,26,17,2026-01-05T08:53:20Z
2026,401810175,2025-12-02,BOS,NY,1,123,38,18,13,2026-01-05T08:53:21Z
2026,401810175,2025-12-02,NY,BOS,0,117,33,29,19,2026-01-05T08:53:21Z
2026,401810176,2025-12-02,MIN,NO,0,149,41,29,20,2026-01-05T08:53:22Z
2026,401810176,2025-12-02,NO,MIN,1,142,42,26,12,2026-01-05T08:53:22Z
2026,401810177,2025-12-02,MEM,SA,0,119,50,28,9,2026-01-05T08:53:23Z
2026,401810177,2025-12-02,SA,MEM,1,126,40,28,18,2026-01-05T08:53:23Z
2026,401810178,2025-12-02,OKC,GS,0,124,41,24,15,2026-01-05T08:53:23Z
2026,401810178,2025-12-02,GS,OKC,1,112,43,30,18,2026-01-05T08:53:23Z
2026,401810179,2025-12-03,POR,CLE,0,122,54,27,14,2026-01-05T08:53:23Z
2026,401810179,2025-12-03,CLE,POR,1,110,45,23,13,2026-01-05T08:53:23Z
2026,401810181,2025-12-03,ORL,SA,1,112,48,27,9,2026-01-05T08:53:24Z
2026,401810181,2025-12-03,SA,ORL,0,114,52,20,13,2026-01-05T08:53:24Z
2026,401810180,2025-12-03,IND,DEN,1,120,38,24,13,2026-01-05T08:53:24Z
2026,401810180,2025-12-03,DEN,IND,0,135,38,23,17,2026-01-05T08:53:24Z
2026,401810183,2025-12-03,CHA,NY,0,104,44,19,13,2026-01-05T08:53:25Z
2026,401810183,2025-12-03,NY,CHA,1,119,44,28,12,2026-01-05T08:53:25Z
2026,401810182,2025-12-03,LAC,ATL,0,115,54,29,10,2026-01-05T08:53:25Z
2026,401810182,2025-12-03,ATL,LAC,1,92,38,20,13,2026-01-05T08:53:25Z
2026,401810184,2025-12-03,BKN,CHI,0,113,42,30,19,2026-01-05T08:53:26Z
2026,401810184,2025-12-03,CHI,BKN,1,103,42,20,7,2026-01-05T08:53:26Z
2026,401810185,2025-12-03,SAC,HOU,0,95,32,21,10,2026-01-05T08:53:26Z
2026,401810185,2025-12-03,HOU,SAC,1,121,62,24,5,2026-01-05T08:53:26Z
2026,401810188,2025-12-04,PHI,GS,1,99,47,23,10,2026-01-05T08:53:27Z
2026,401810186,2025-12-03,MIL,DET,1,113,40,28,13,2026-01-05T08:53:27Z
2026,401810186,2025-12-03,DET,MIL,0,109,44,25,14,2026-01-05T08:53:27Z
2026,401810188,2025-12-04,GS,PHI,0,98,43,27,12,2026-01-05T08:53:27Z
2026,401810187,2025-12-03,DAL,MIA,1,118,50,31,16,2026-01-05T08:53:27Z
2026,401810187,2025-12-03,MIA,DAL,0,108,41,29,11,2026-01-05T08:53:27Z
2026,401810189,2025-12-04,BOS,WSH,0,146,46,35,20,2026-01-05T08:53:28Z
2026,401810191,2025-12-04,LAL,TOR,0,123,38,26,13,2026-01-05T08:53:28Z
2026,401810191,2025-12-04,TOR,LAL,1,120,41,39,15,2026-01-05T08:53:28Z
2026,401810190,2025-12-04,BKN,UTAH,1,110,44,22,11,2026-01-05T08:53:28Z
2026,401810189,2025-12-04,WSH,BOS,1,101,37,21,10,2026-01-05T08:53:28Z
2026,401810190,2025-12-04,UTAH,BKN,0,123,39,31,14,2026-01-05T08:53:28Z
2026,401810193,2025-12-05,BOS,LAL,1,126,38,31,24,2026-01-05T08:53:29Z
2026,401810193,2025-12-05,LAL,BOS,0,105,35,15,14,2026-01-05T08:53:29Z
2026,401810192,2025-12-04,NO,MIN,1,116,43,29,7,2026-01-05T08:53:29Z
2026,401810192,2025-12-04,MIN,NO,0,125,49,30,15,2026-01-05T08:53:29Z
2026,401810196,2025-12-05,CLE,SA,1,130,48,32,8,2026-01-05T08:53:30Z
2026,401810196,2025-12-05,SA,CLE,0,117,38,28,15,2026-01-05T08:53:30Z
2026,401810195,2025-12-05,ATL,DEN,1,133,45,35,20,2026-01-05T08:53:30Z
2026,401810194,2025-12-05,ORL,MIA,1,106,42,24,12,2026-01-05T08:53:30Z
2026,401810194,2025-12-05,MIA,ORL,0,105,44,23,7,2026-01-05T08:53:30Z
2026,401810195,2025-12-05,DEN,ATL,0,134,42,28,16,2026-01-05T08:53:30Z
2026,401810197,2025-12-05,POR,DET,0,116,48,22,12,2026-01-05T08:53:31Z
2026,401810197,2025-12-05,DET,POR,1,122,37,24,10,2026-01-05T08:53:31Z
2026,401810198,2025-12-05,UTAH,NY,0,112,37,23,15,2026-01-05T08:53:31Z
2026,401810198,2025-12-05,NY,UTAH,1,146,46,30,21,2026-01-05T08:53:31Z
2026,401810199,2025-12-05,TOR,CHA,1,86,41,19,9,2026-01-05T08:53:32Z
2026,401810199,2025-12-05,CHA,TOR,0,111,47,26,13,2026-01-05T08:53:32Z
2026,401810200,2025-12-05,IND,CHI,0,120,35,24,18,2026-01-05T08:53:32Z
2026,401810201,2025-12-05,HOU,PHX,1,117,40,25,10,2026-01-05T08:53:32Z
2026,401810201,2025-12-05,PHX,HOU,0,98,34,14,5,2026-01-05T08:53:32Z
2026,401810200,2025-12-05,CHI,IND,1,105,46,21,13,2026-01-05T08:53:32Z
2026,401810202,2025-12-05,LAC,MEM,0,98,37,22,14,2026-01-05T08:53:33Z
2026,401810202,2025-12-05,MEM,LAC,1,107,42,28,10,2026-01-05T08:53:33Z
2026,401810203,2025-12-05,PHI,MIL,0,116,42,25,17,2026-01-05T08:53:33Z
2026,401810203,2025-12-05,MIL,PHI,1,101,37,26,11,2026-01-05T08:53:33Z
2026,401810205,2025-12-06,BKN,NO,1,119,45,36,14,2026-01-05T08:53:34Z
2026,401810205,2025-12-06,NO,BKN,0,101,36,30,9,2026-01-05T08:53:34Z
2026,401810204,2025-12-05,DAL,OKC,0,111,35,28,16,2026-01-05T08:53:34Z
2026,401810204,2025-12-05,OKC,DAL,1,132,43,30,12,2026-01-05T08:53:34Z
2026,401810208,2025-12-06,MIL,DET,0,112,36,24,16,2026-01-05T08:53:35Z
2026,401810208,2025-12-06,DET,MIL,1,124,53,31,15,2026-01-05T08:53:35Z
2026,401810207,2025-12-06,CLE,GS,1,94,61,15,10,2026-01-05T08:53:35Z
2026,401810206,2025-12-06,ATL,WSH,0,131,45,36,13,2026-01-05T08:53:35Z
2026,401810206,2025-12-06,WSH,ATL,1,116,26,29,17,2026-01-05T08:53:35Z
2026,401810207,2025-12-06,GS,CLE,0,99,46,25,13,2026-01-05T08:53:35Z
2026,401810211,2025-12-06,HOU,DAL,0,109,37,22,10,2026-01-05T08:53:36Z
2026,401810211,2025-12-06,DAL,HOU,1,122,31,22,7,2026-01-05T08:53:36Z
2026,401810210,2025-12-06,MIN,LAC,1,109,35,23,11,2026-01-05T08:53:36Z
2026,401810209,2025-12-06,SAC,MIA,0,127,45,24,14,2026-01-05T08:53:36Z
2026,401810209,2025-12-06,MIA,SAC,1,111,41,23,9,2026-01-05T08:53:36Z
2026,401810210,2025-12-06,LAC,MIN,0,106,35,16,9,2026-01-05T08:53:36Z
2026,401810212,2025-12-07,ORL,NY,0,100,48,23,12,2026-01-05T08:53:37Z
2026,401810212,2025-12-07,NY,ORL,1,106,52,24,11,2026-01-05T08:53:37Z
2026,401810213,2025-12-07,BOS,TOR,0,121,41,24,20,2026-01-05T08:53:37Z
2026,401810213,2025-12-07,TOR,BOS,1,113,42,22,9,2026-01-05T08:53:37Z
2026,401810215,2025-12-07,MEM,POR,1,119,51,28,10,2026-01-05T08:53:38Z
2026,401810215,2025-12-07,POR,MEM,0,96,40,21,15,2026-01-05T08:53:38Z
2026,401810214,2025-12-07,CHA,DEN,1,106,47,24,14,2026-01-05T08:53:38Z
2026,401810214,2025-12-07,DEN,CHA,0,115,35,29,13,2026-01-05T08:53:38Z
2026,401810218,2025-12-07,UTAH,OKC,1,101,37,25,12,2026-01-05T08:53:39Z
2026,401810218,2025-12-07,OKC,UTAH,0,131,44,32,21,2026-01-05T08:53:39Z
2026,401810217,2025-12-07,PHI,LAL,1,108,54,21,13,2026-01-05T08:53:39Z
2026,401810216,2025-12-07,CHI,GS,1,91,38,24,11,2026-01-05T08:53:39Z
2026,401810216,2025-12-07,GS,CHI,0,123,51,27,22,2026-01-05T08:53:39Z
2026,401810217,2025-12-07,LAL,PHI,0,112,52,25,13,2026-01-05T08:53:39Z
2026,401810219,2025-12-08,SAC,IND,0,105,51,28,7,2026-01-05T08:53:40Z
2026,401810219,2025-12-08,IND,SAC,1,116,41,25,14,2026-01-05T08:53:40Z
2026,401810220,2025-12-08,PHX,MIN,0,108,43,26,12,2026-01-05T08:53:40Z
2026,401810220,2025-12-08,MIN,PHX,1,105,46,26,11,2026-01-05T08:53:40Z
2026,401810223,2025-12-17,MIN,MEM,1,110,52,26,13,2026-01-05T08:53:41Z
2026,401810222,2025-12-17,CHI,CLE,1,127,43,35,14,2026-01-05T08:53:41Z
2026,401810223,2025-12-17,MEM,MIN,0,116,54,23,11,2026-01-05T08:53:41Z
2026,401810221,2025-12-08,NO,SA,1,132,33,35,7,2026-01-05T08:53:41Z
2026,401810222,2025-12-17,CLE,CHI,0,111,40,26,12,2026-01-05T08:53:41Z
2026,401810221,2025-12-08,SA,NO,0,135,43,29,17,2026-01-05T08:53:41Z
2026,401810226,2025-12-18,ATL,CHA,0,126,35,31,11,2026-01-05T08:53:42Z
2026,401810225,2025-12-18,SA,WSH,1,119,53,29,15,2026-01-05T08:53:42Z
2026,401810226,2025-12-18,CHA,ATL,1,133,37,39,24,2026-01-05T08:53:42Z
2026,401810224,2025-12-18,OKC,LAC,1,122,38,28,13,2026-01-05T08:53:42Z
2026,401810225,2025-12-18,WSH,SA,0,94,46,29,9,2026-01-05T08:53:42Z
2026,401810224,2025-12-18,LAC,OKC,0,101,49,25,10,2026-01-05T08:53:42Z
2026,401810227,2025-12-18,NY,IND,0,114,46,31,17,2026-01-05T08:53:43Z
2026,401810227,2025-12-18,IND,NY,1,113,52,22,11,2026-01-05T08:53:43Z
2026,401810228,2025-12-18,MIA,BKN,0,106,51,23,9,2026-01-05T08:53:44Z
2026,401810228,2025-12-18,BKN,MIA,1,95,49,24,11,2026-01-05T08:53:44Z
2026,401810229,2025-12-18,TOR,MIL,0,111,45,31,13,2026-01-05T08:53:44Z
2026,401810229,2025-12-18,MIL,TOR,1,105,38,25,15,2026-01-05T08:53:44Z
2026,401810230,2025-12-18,NO,HOU,1,133,41,27,11,2026-01-05T08:53:45Z
2026,401810232,2025-12-18,DEN,ORL,1,126,40,31,16,2026-01-05T08:53:45Z
2026,401810232,2025-12-18,ORL,DEN,0,115,44,30,11,2026-01-05T08:53:45Z
2026,401810230,2025-12-18,HOU,NO,0,128,58,30,10,2026-01-05T08:53:45Z
2026,401810231,2025-12-18,DET,DAL,0,114,62,26,6,2026-01-05T08:53:45Z
2026,401810231,2025-12-18,DAL,DET,1,116,51,22,5,2026-01-05T08:53:45Z
2026,401810235,2025-12-18,POR,SAC,1,134,44,30,15,2026-01-05T08:53:46Z
2026,401810234,2025-12-18,UTAH,LAL,1,135,39,31,18,2026-01-05T08:53:46Z
2026,401810235,2025-12-18,SAC,POR,0,133,42,29,6,2026-01-05T08:53:46Z
2026,401810234,2025-12-18,LAL,UTAH,0,143,48,32,13,2026-01-05T08:53:46Z
2026,401810233,2025-12-18,GS,PHX,0,98,54,27,12,2026-01-05T08:53:46Z
2026,401810233,2025-12-18,PHX,GS,1,99,49,19,10,2026-01-05T08:53:46Z
2026,401810237,2025-12-19,NY,PHI,1,107,57,26,8,2026-01-05T08:53:47Z
2026,401810236,2025-12-19,MIA,BOS,0,116,47,27,19,2026-01-05T08:53:47Z
2026,401810236,2025-12-19,BOS,MIA,1,129,46,25,21,2026-01-05T08:53:47Z
2026,401810237,2025-12-19,PHI,NY,0,116,36,21,17,2026-01-05T08:53:47Z
2026,401810238,2025-12-19,ATL,SA,1,98,43,26,10,2026-01-05T08:53:48Z
2026,401810238,2025-12-19,SA,ATL,0,126,56,31,13,2026-01-05T08:53:48Z
2026,401810239,2025-12-19,CLE,CHI,1,125,46,31,14,2026-01-05T08:53:48Z
2026,401810239,2025-12-19,CHI,CLE,0,136,48,34,18,2026-01-05T08:53:48Z
2026,401810240,2025-12-19,OKC,MIN,0,107,52,16,11,2026-01-05T08:53:49Z
2026,401810240,2025-12-19,MIN,OKC,1,112,57,20,13,2026-01-05T08:53:49Z
2026,401810241,2025-12-20,HOU,DEN,0,115,47,24,19,2026-01-05T08:53:49Z
2026,401810241,2025-12-20,DEN,HOU,1,101,39,21,8,2026-01-05T08:53:49Z
2026,401810242,2025-12-20,PHI,DAL,1,121,47,27,12,2026-01-05T08:53:50Z
2026,401810242,2025-12-20,DAL,PHI,0,114,44,24,3,2026-01-05T08:53:50Z
2026,401810243,2025-12-20,BOS,TOR,0,112,55,22,12,2026-01-05T08:53:50Z
2026,401810244,2025-12-20,IND,NO,0,109,42,28,8,2026-01-05T08:53:50Z
2026,401810244,2025-12-20,NO,IND,1,128,49,25,9,2026-01-05T08:53:50Z
2026,401810243,2025-12-20,TOR,BOS,1,96,37,30,16,2026-01-05T08:53:50Z
2026,401810245,2025-12-20,CHA,DET,0,86,43,21,13,2026-01-05T08:53:51Z
2026,401810245,2025-12-20,DET,CHA,1,112,61,23,6,2026-01-05T08:53:51Z
2026,401810246,2025-12-20,WSH,MEM,0,130,54,32,17,2026-01-05T08:53:51Z
2026,401810246,2025-12-20,MEM,WSH,1,122,48,31,16,2026-01-05T08:53:51Z
2026,401810248,2025-12-20,UTAH,ORL,1,127,52,34,15,2026-01-05T08:53:52Z
2026,401810248,2025-12-20,ORL,UTAH,0,128,52,32,11,2026-01-05T08:53:52Z
2026,401810247,2025-12-20,PHX,GS,0,116,34,23,12,2026-01-05T08:53:52Z
2026,401810247,2025-12-20,GS,PHX,1,119,49,29,17,2026-01-05T08:53:52Z
2026,401810251,2025-12-21,CHI,ATL,0,152,40,41,20,2026-01-05T08:53:53Z
2026,401810250,2025-12-20,LAC,LAL,1,103,48,22,16,2026-01-05T08:53:53Z
2026,401810251,2025-12-21,ATL,CHI,1,150,35,39,23,2026-01-05T08:53:53Z
2026,401810249,2025-12-20,SAC,POR,1,93,50,18,6,2026-01-05T08:53:53Z
2026,401810249,2025-12-20,POR,SAC,0,98,46,18,11,2026-01-05T08:53:53Z
2026,401810250,2025-12-20,LAL,LAC,0,88,43,16,6,2026-01-05T08:53:53Z
2026,401810252,2025-12-21,TOR,BKN,0,81,39,23,10,2026-01-05T08:53:54Z
2026,401810252,2025-12-21,BKN,TOR,1,96,48,29,14,2026-01-05T08:53:54Z
2026,401810253,2025-12-21,MIA,NY,0,125,45,26,17,2026-01-05T08:53:54Z
2026,401810253,2025-12-21,NY,MIA,1,132,36,28,20,2026-01-05T08:53:54Z
2026,401810254,2025-12-21,SA,WSH,0,124,61,26,13,2026-01-05T08:53:54Z
2026,401810254,2025-12-21,WSH,SA,1,113,43,20,11,2026-01-05T08:53:54Z
2026,401810255,2025-12-21,MIL,MIN,0,100,51,27,13,2026-01-05T08:53:55Z
2026,401810255,2025-12-21,MIN,MIL,1,103,46,28,14,2026-01-05T08:53:55Z
2026,401810256,2025-12-21,HOU,SAC,0,124,47,31,16,2026-01-05T08:53:55Z
2026,401810256,2025-12-21,SAC,HOU,1,125,55,29,12,2026-01-05T08:53:55Z
2026,401810257,2025-12-22,CHA,CLE,0,132,44,29,21,2026-01-05T08:53:56Z
2026,401810257,2025-12-22,CLE,CHA,1,139,30,36,24,2026-01-05T08:53:56Z
2026,401810258,2025-12-22,IND,BOS,0,95,36,19,13,2026-01-05T08:53:56Z
2026,401810258,2025-12-22,BOS,IND,1,103,49,19,11,2026-01-05T08:53:56Z
2026,401810261,2025-12-22,OKC,MEM,1,119,46,20,15,2026-01-05T08:53:57Z
2026,401810260,2025-12-22,DEN,UTAH,1,135,51,37,24,2026-01-05T08:53:57Z
2026,401810261,2025-12-22,MEM,OKC,0,103,46,26,18,2026-01-05T08:53:57Z
2026,401810259,2025-12-22,NO,DAL,1,119,51,28,8,2026-01-05T08:53:57Z
2026,401810259,2025-12-22,DAL,NO,0,113,57,29,10,2026-01-05T08:53:57Z
2026,401810260,2025-12-22,UTAH,DEN,0,112,49,30,14,2026-01-05T08:53:57Z
2026,401810262,2025-12-22,ORL,GS,0,97,48,21,7,2026-01-05T08:53:58Z
2026,401810262,2025-12-22,GS,ORL,1,120,47,33,11,2026-01-05T08:53:58Z
2026,401810264,2025-12-23,CHA,WSH,1,126,51,35,20,2026-01-05T08:53:59Z
2026,401810264,2025-12-23,WSH,CHA,0,109,49,22,10,2026-01-05T08:53:59Z
2026,401810263,2025-12-22,DET,POR,0,110,48,28,7,2026-01-05T08:53:59Z
2026,401810263,2025-12-22,POR,DET,1,102,38,21,7,2026-01-05T08:53:59Z
2026,401810266,2025-12-23,ATL,CHI,1,123,38,38,14,2026-01-05T08:54:00Z
2026,401810266,2025-12-23,CHI,ATL,0,126,48,35,13,2026-01-05T08:54:00Z
2026,401810265,2025-12-23,BKN,PHI,0,114,39,24,17,2026-01-05T08:54:00Z
2026,401810265,2025-12-23,PHI,BKN,1,106,43,15,7,2026-01-05T08:54:00Z
2026,401810267,2025-12-23,NO,CLE,0,118,43,26,11,2026-01-05T08:54:01Z
2026,401810267,2025-12-23,CLE,NO,1,141,49,40,20,2026-01-05T08:54:01Z
2026,401810268,2025-12-23,MIL,IND,0,111,48,20,10,2026-01-05T08:54:01Z
2026,401810268,2025-12-23,IND,MIL,1,94,40,20,8,2026-01-05T08:54:01Z
2026,401810270,2025-12-23,DAL,DEN,1,131,36,34,11,2026-01-05T08:54:02Z
2026,401810271,2025-12-23,MIN,NY,1,115,42,25,15,2026-01-05T08:54:02Z
2026,401810270,2025-12-23,DEN,DAL,0,130,34,39,20,2026-01-05T08:54:02Z
2026,401810269,2025-12-23,TOR,MIA,0,112,50,29,14,2026-01-05T08:54:02Z
2026,401810271,2025-12-23,NY,MIN,0,104,55,20,11,2026-01-05T08:54:02Z
2026,401810269,2025-12-23,MIA,TOR,1,91,40,18,8,2026-01-05T08:54:02Z
2026,401810272,2025-12-23,SA,OKC,1,130,34,34,16,2026-01-05T08:54:03Z
2026,401810274,2025-12-23,UTAH,MEM,1,128,40,29,16,2026-01-05T08:54:03Z
2026,401810274,2025-12-23,MEM,UTAH,0,137,41,41,19,2026-01-05T08:54:03Z
2026,401810272,2025-12-23,OKC,SA,0,110,36,23,12,2026-01-05T08:54:03Z
2026,401810273,2025-12-23,LAL,PHX,0,108,38,22,12,2026-01-05T08:54:03Z
2026,401810273,2025-12-23,PHX,LAL,1,132,38,35,14,2026-01-05T08:54:03Z
2026,401810275,2025-12-23,ORL,POR,0,110,38,26,15,2026-01-05T08:54:04Z
2026,401810275,2025-12-23,POR,ORL,1,106,45,23,9,2026-01-05T08:54:04Z
2026,401810276,2025-12-23,DET,SAC,0,136,42,38,14,2026-01-05T08:54:04Z
2026,401810276,2025-12-23,SAC,DET,1,127,42,26,11,2026-01-05T08:54:04Z
2026,401810278,2025-12-26,ATL,MIA,1,111,42,26,12,2026-01-05T08:54:05Z
2026,401810278,2025-12-26,MIA,ATL,0,126,52,29,11,2026-01-05T08:54:05Z
2026,401810277,2025-12-23,LAC,HOU,1,128,34,25,20,2026-01-05T08:54:05Z
2026,401810277,2025-12-23,HOU,LAC,0,108,42,25,9,2026-01-05T08:54:05Z
2026,401810281,2025-12-26,IND,BOS,1,122,35,29,18,2026-01-05T08:54:06Z
2026,401810281,2025-12-26,BOS,IND,0,140,43,26,20,2026-01-05T08:54:06Z
2026,401810280,2025-12-26,WSH,TOR,1,138,46,26,15,2026-01-05T08:54:06Z
2026,401810279,2025-12-26,ORL,CHA,1,105,42,22,11,2026-01-05T08:54:06Z
2026,401810279,2025-12-26,CHA,ORL,0,120,53,23,19,2026-01-05T08:54:06Z
2026,401810280,2025-12-26,TOR,WSH,0,117,33,26,12,2026-01-05T08:54:06Z
2026,401810282,2025-12-26,PHI,CHI,0,102,46,22,11,2026-01-05T08:54:07Z
2026,401810282,2025-12-26,CHI,PHI,1,109,52,31,14,2026-01-05T08:54:07Z
2026,401810285,2025-12-26,DET,UTAH,0,129,41,38,18,2026-01-05T08:54:08Z
2026,401810284,2025-12-26,NO,PHX,1,108,38,22,5,2026-01-05T08:54:08Z
2026,401810285,2025-12-26,UTAH,DET,1,131,42,35,18,2026-01-05T08:54:08Z
2026,401810283,2025-12-26,MEM,MIL,1,125,42,28,13,2026-01-05T08:54:08Z
2026,401810283,2025-12-26,MIL,MEM,0,104,48,18,14,2026-01-05T08:54:08Z
2026,401810284,2025-12-26,PHX,NO,0,115,52,26,8,2026-01-05T08:54:08Z
2026,401810287,2025-12-27,DAL,SAC,0,107,51,23,13,2026-01-05T08:54:09Z
2026,401810286,2025-12-26,LAC,POR,0,119,32,21,20,2026-01-05T08:54:09Z
2026,401810286,2025-12-26,POR,LAC,1,103,43,23,16,2026-01-05T08:54:09Z
2026,401810287,2025-12-27,SAC,DAL,1,113,50,32,17,2026-01-05T08:54:09Z
2026,401810288,2025-12-27,ORL,DEN,1,127,35,32,10,2026-01-05T08:54:10Z
2026,401810288,2025-12-27,DEN,ORL,0,126,49,27,11,2026-01-05T08:54:10Z
2026,401810289,2025-12-27,PHX,NO,0,123,55,26,20,2026-01-05T08:54:10Z
2026,401810289,2025-12-27,NO,PHX,1,114,43,16,9,2026-01-05T08:54:10Z
2026,401810292,2025-12-27,CHI,MIL,1,103,52,28,13,2026-01-05T08:54:11Z
2026,401810290,2025-12-27,NY,ATL,0,128,55,27,15,2026-01-05T08:54:11Z
2026,401810290,2025-12-27,ATL,NY,1,125,37,33,17,2026-01-05T08:54:11Z
2026,401810291,2025-12-27,IND,MIA,0,116,45,30,12,2026-01-05T08:54:11Z
2026,401810291,2025-12-27,MIA,IND,1,142,49,33,12,2026-01-05T08:54:11Z
2026,401810292,2025-12-27,MIL,CHI,0,112,47,22,13,2026-01-05T08:54:11Z
2026,401810293,2025-12-27,HOU,CLE,1,117,51,27,16,2026-01-05T08:54:12Z
2026,401810294,2025-12-27,MIN,BKN,1,107,34,27,13,2026-01-05T08:54:12Z
2026,401810294,2025-12-27,BKN,MIN,0,123,39,32,11,2026-01-05T08:54:12Z
2026,401810293,2025-12-27,CLE,HOU,0,100,42,23,11,2026-01-05T08:54:12Z
2026,401810297,2025-12-28,OKC,PHI,1,129,35,27,10,2026-01-05T08:54:13Z
2026,401810296,2025-12-28,TOR,GS,1,141,55,40,13,2026-01-05T08:54:13Z
2026,401810297,2025-12-28,PHI,OKC,0,104,38,21,17,2026-01-05T08:54:13Z
2026,401810295,2025-12-27,SA,UTAH,1,114,46,30,10,2026-01-05T08:54:13Z
2026,401810295,2025-12-27,UTAH,SA,0,127,37,34,17,2026-01-05T08:54:13Z
2026,401810296,2025-12-28,GS,TOR,0,127,42,25,16,2026-01-05T08:54:13Z
2026,401810298,2025-12-28,MEM,WSH,0,112,43,27,9,2026-01-05T08:54:14Z
2026,401810298,2025-12-28,WSH,MEM,1,116,54,26,8,2026-01-05T08:54:14Z
2026,401810299,2025-12-28,BOS,POR,0,108,39,19,13,2026-01-05T08:54:14Z
2026,401810299,2025-12-28,POR,BOS,1,114,48,26,18,2026-01-05T08:54:14Z
2026,401810300,2025-12-28,LAC,DET,1,112,35,18,14,2026-01-05T08:54:15Z
2026,401810300,2025-12-28,DET,LAC,0,99,45,18,7,2026-01-05T08:54:15Z
2026,401810301,2025-12-28,LAL,SAC,1,125,41,25,15,2026-01-05T08:54:15Z
2026,401810301,2025-12-28,SAC,LAL,0,101,39,24,8,2026-01-05T08:54:15Z
2026,401810302,2025-12-29,MIL,CHA,0,123,31,29,16,2026-01-05T08:54:16Z
2026,401810302,2025-12-29,CHA,MIL,1,113,47,28,17,2026-01-05T08:54:16Z
2026,401810303,2025-12-29,PHX,WSH,0,115,51,25,17,2026-01-05T08:54:16Z
2026,401810303,2025-12-29,WSH,PHX,1,101,43,21,13,2026-01-05T08:54:16Z
2026,401810304,2025-12-29,GS,BKN,0,120,40,26,10,2026-01-05T08:54:17Z
2026,401810304,2025-12-29,BKN,GS,1,107,34,22,18,2026-01-05T08:54:17Z
2026,401810305,2025-12-29,DEN,MIA,0,123,36,29,11,2026-01-05T08:54:17Z
2026,401810305,2025-12-29,MIA,DEN,1,147,46,40,22,2026-01-05T08:54:17Z
2026,401810308,2025-12-29,HOU,IND,1,126,50,21,10,2026-01-05T08:54:18Z
2026,401810306,2025-12-29,ORL,TOR,0,106,52,25,9,2026-01-05T08:54:18Z
2026,401810306,2025-12-29,TOR,ORL,1,107,58,22,8,2026-01-05T08:54:18Z
2026,401810307,2025-12-29,MIN,CHI,0,136,46,32,15,2026-01-05T08:54:18Z
2026,401810307,2025-12-29,CHI,MIN,1,101,42,25,13,2026-01-05T08:54:18Z
2026,401810308,2025-12-29,IND,HOU,0,119,29,30,18,2026-01-05T08:54:18Z
2026,401810309,2025-12-29,NO,NY,1,125,50,27,14,2026-01-05T08:54:19Z
2026,401810310,2025-12-29,ATL,OKC,0,129,38,32,25,2026-01-05T08:54:19Z
2026,401810310,2025-12-29,OKC,ATL,1,140,49,27,12,2026-01-05T08:54:19Z
2026,401810309,2025-12-29,NY,NO,0,130,42,35,20,2026-01-05T08:54:19Z
2026,401810312,2025-12-29,POR,DAL,1,125,48,27,16,2026-01-05T08:54:20Z
2026,401810312,2025-12-29,DAL,POR,0,122,41,33,11,2026-01-05T08:54:20Z
2026,401810311,2025-12-29,SA,CLE,1,101,52,21,7,2026-01-05T08:54:20Z
2026,401810311,2025-12-29,CLE,SA,0,113,47,29,13,2026-01-05T08:54:20Z
2026,401810315,2025-12-30,LAL,DET,1,106,33,28,11,2026-01-05T08:54:21Z
2026,401810313,2025-12-30,PHI,MEM,0,139,41,33,15,2026-01-05T08:54:21Z
2026,401810314,2025-12-30,BOS,UTAH,0,129,44,27,13,2026-01-05T08:54:21Z
2026,401810314,2025-12-30,UTAH,BOS,1,119,40,31,16,2026-01-05T08:54:21Z
2026,401810315,2025-12-30,DET,LAL,0,128,37,30,11,2026-01-05T08:54:21Z
2026,401810313,2025-12-30,MEM,PHI,1,136,51,28,11,2026-01-05T08:54:21Z
2026,401810317,2025-12-31,GS,CHA,0,132,37,35,24,2026-01-05T08:54:22Z
2026,401810317,2025-12-31,CHA,GS,1,125,37,35,16,2026-01-05T08:54:22Z
2026,401810316,2025-12-30,SAC,LAC,0,90,39,18,9,2026-01-05T08:54:22Z
2026,401810316,2025-12-30,LAC,SAC,1,131,42,29,14,2026-01-05T08:54:22Z
2026,401810318,2025-12-31,MIN,ATL,0,102,46,22,14,2026-01-05T08:54:23Z
2026,401810318,2025-12-31,ATL,MIN,1,126,49,38,16,2026-01-05T08:54:23Z
2026,401810319,2025-12-31,IND,ORL,1,110,39,22,12,2026-01-05T08:54:23Z
2026,401810319,2025-12-31,ORL,IND,0,112,49,28,3,2026-01-05T08:54:23Z
2026,401810321,2025-12-31,NO,CHI,0,118,46,25,12,2026-01-05T08:54:24Z
2026,401810321,2025-12-31,CHI,NO,1,134,49,33,15,2026-01-05T08:54:24Z
2026,401810320,2025-12-31,PHX,CLE,0,113,52,23,15,2026-01-05T08:54:24Z
2026,401810320,2025-12-31,CLE,PHX,1,129,54,31,15,2026-01-05T08:54:24Z
2026,401810322,2025-12-31,SA,NY,1,134,48,25,14,2026-01-05T08:54:25Z
2026,401810324,2025-12-31,MIL,WSH,1,113,48,24,16,2026-01-05T08:54:25Z
2026,401810324,2025-12-31,WSH,MIL,0,114,44,31,19,2026-01-05T08:54:25Z
2026,401810323,2025-12-31,TOR,DEN,1,103,50,27,12,2026-01-05T08:54:25Z
2026,401810322,2025-12-31,NY,SA,0,132,40,32,22,2026-01-05T08:54:25Z
2026,401810323,2025-12-31,DEN,TOR,0,106,47,17,10,2026-01-05T08:54:25Z
2026,401810325,2025-12-31,POR,OKC,0,95,50,20,14,2026-01-05T08:54:26Z
2026,401810325,2025-12-31,OKC,POR,1,124,41,29,16,2026-01-05T08:54:26Z
2026,401810326,2026-01-01,HOU,BKN,0,120,45,28,12,2026-01-05T08:54:26Z
2026,401810326,2026-01-01,BKN,HOU,1,96,27,18,10,2026-01-05T08:54:26Z
2026,401810329,2026-01-01,SAC,BOS,1,106,32,29,12,2026-01-05T08:54:27Z
2026,401810329,2026-01-01,BOS,SAC,0,120,40,25,17,2026-01-05T08:54:27Z
2026,401810328,2026-01-01,DAL,PHI,1,108,39,23,6,2026-01-05T08:54:27Z
2026,401810327,2026-01-01,DET,MIA,1,112,40,25,9,2026-01-05T08:54:27Z
2026,401810328,2026-01-01,PHI,DAL,0,123,43,22,13,2026-01-05T08:54:27Z
2026,401810327,2026-01-01,MIA,DET,0,118,49,25,14,2026-01-05T08:54:27Z
2026,401810331,2026-01-02,IND,SA,1,113,39,26,12,2026-01-05T08:54:28Z
2026,401810331,2026-01-02,SA,IND,0,123,49,23,13,2026-01-05T08:54:28Z
2026,401810330,2026-01-01,UTAH,LAC,0,101,35,20,6,2026-01-05T08:54:28Z
2026,401810330,2026-01-01,LAC,UTAH,1,118,47,20,16,2026-01-05T08:54:28Z
2026,401810334,2026-01-02,ATL,NY,0,111,49,31,12,2026-01-05T08:54:29Z
2026,401810332,2026-01-02,BKN,WSH,0,99,33,20,6,2026-01-05T08:54:29Z
2026,401810332,2026-01-02,WSH,BKN,1,119,51,24,11,2026-01-05T08:54:29Z
2026,401810333,2026-01-02,DEN,CLE,0,108,32,26,17,2026-01-05T08:54:29Z
2026,401810333,2026-01-02,CLE,DEN,1,113,55,32,16,2026-01-05T08:54:29Z
2026,401810334,2026-01-02,NY,ATL,1,99,52,27,9,2026-01-05T08:54:29Z
2026,401810335,2026-01-02,ORL,CHI,0,114,36,28,14,2026-01-05T08:54:30Z
2026,401810335,2026-01-02,CHI,ORL,1,121,47,31,14,2026-01-05T08:54:30Z
2026,401810336,2026-01-02,CHA,MIL,0,121,39,27,18,2026-01-05T08:54:30Z
2026,401810336,2026-01-02,MIL,CHA,1,122,36,31,16,2026-01-05T08:54:30Z
2026,401810337,2026-01-02,NO,POR,1,109,42,22,8,2026-01-05T08:54:31Z
2026,401810340,2026-01-02,MEM,LAL,0,121,34,32,14,2026-01-05T08:54:31Z
2026,401810337,2026-01-02,POR,NO,0,122,46,27,16,2026-01-05T08:54:31Z
2026,401810338,2026-01-02,SAC,PHX,0,102,42,20,10,2026-01-05T08:54:31Z
2026,401810339,2026-01-02,GS,OKC,1,94,43,23,13,2026-01-05T08:54:31Z
2026,401810339,2026-01-02,OKC,GS,0,131,51,34,16,2026-01-05T08:54:31Z
2026,401810340,2026-01-02,LAL,MEM,1,128,42,26,11,2026-01-05T08:54:31Z
2026,401810338,2026-01-02,PHX,SAC,1,129,42,23,8,2026-01-05T08:54:31Z
2026,401810341,2026-01-03,MIN,MIA,0,125,40,26,11,2026-01-05T08:54:32Z
2026,401810341,2026-01-03,MIA,MIN,1,115,37,27,14,2026-01-05T08:54:32Z
2026,401810342,2026-01-03,PHI,NY,0,130,47,25,17,2026-01-05T08:54:32Z
2026,401810342,2026-01-03,NY,PHI,1,119,44,23,16,2026-01-05T08:54:32Z
2026,401810344,2026-01-03,CHI,CHA,1,99,43,32,11,2026-01-05T08:54:33Z
2026,401810343,2026-01-03,ATL,TOR,0,117,36,32,17,2026-01-05T08:54:33Z
2026,401810343,2026-01-03,TOR,ATL,1,134,48,28,12,2026-01-05T08:54:33Z
2026,401810344,2026-01-03,CHA,CHI,0,112,52,23,15,2026-01-05T08:54:33Z
2026,401810345,2026-01-03,POR,SA,0,115,52,24,19,2026-01-05T08:54:34Z
2026,401810347,2026-01-03,GS,UTAH,1,123,45,32,19,2026-01-05T08:54:34Z
2026,401810346,2026-01-03,DAL,HOU,1,110,47,24,8,2026-01-05T08:54:34Z
2026,401810345,2026-01-03,SA,POR,1,110,48,27,10,2026-01-05T08:54:34Z
2026,401810348,2026-01-03,BOS,LAC,0,146,46,30,24,2026-01-05T08:54:34Z
2026,401810347,2026-01-03,UTAH,GS,0,114,37,32,13,2026-01-05T08:54:34Z
2026,401810348,2026-01-03,LAC,BOS,1,115,30,26,15,2026-01-05T08:54:34Z
2026,401810346,2026-01-03,HOU,DAL,0,104,51,24,10,2026-01-05T08:54:34Z
2026,401810358,2026-01-05,BOS,CHI,1,110,43,7,0,2026-01-05T08:54:37Z
2026,401810357,2026-01-05,DET,NY,1,112,46,6,0,2026-01-05T08:54:37Z
2026,401810358,2026-01-05,CHI,BOS,0,121,45,7,0,2026-01-05T08:54:37Z
2026,401810357,2026-01-05,NY,DET,0,115,46,5,0,2026-01-05T08:54:37Z
2026,401810361,2026-01-05,OKC,CHA,1,107,44,6,0,2026-01-05T08:54:38Z
2026,401810360,2026-01-05,HOU,PHX,1,111,48,5,0,2026-01-05T08:54:38Z
2026,401810361,2026-01-05,CHA,OKC,0,118,44,5,0,2026-01-05T08:54:38Z
2026,401810359,2026-01-05,TOR,ATL,1,112,43,6,0,2026-01-05T08:54:38Z
2026,401810359,2026-01-05,ATL,TOR,0,119,41,2,0,2026-01-05T08:54:38Z
2026,401810360,2026-01-05,PHX,HOU,0,113,43,7,0,2026-01-05T08:54:38Z
2026,401810363,2026-01-05,GS,LAC,0,113,43,6,0,2026-01-05T08:54:39Z
2026,401810363,2026-01-05,LAC,GS,1,114,40,6,0,2026-01-05T08:54:39Z
2026,401810362,2026-01-05,PHI,DEN,1,116,44,6,0,2026-01-05T08:54:39Z
2026,401810362,2026-01-05,DEN,PHI,0,118,43,4,0,2026-01-05T08:54:39Z
2026,401836746,2025-12-11,HOU,LAC,1,115,51,26,12,2026-01-05T08:54:40Z
2026,401836746,2025-12-11,LAC,HOU,0,113,28,25,14,2026-01-05T08:54:40Z
2026,401810364,2026-01-05,POR,UTAH,1,119,45,6,0,2026-01-05T08:54:40Z
2026,401810364,2026-01-05,UTAH,POR,0,126,44,3,0,2026-01-05T08:54:40Z
2026,401836748,2025-12-11,POR,NO,0,120,41,27,14,2026-01-05T08:54:41Z
2026,401836748,2025-12-11,NO,POR,1,143,57,36,12,2026-01-05T08:54:41Z
2026,401836747,2025-12-11,BOS,MIL,0,101,39,18,14,2026-01-05T08:54:41Z
2026,401836747,2025-12-11,MIL,BOS,1,116,40,28,13,2026-01-05T08:54:41Z
2026,401836751,2025-12-12,ATL,DET,0,115,37,28,11,2026-01-05T08:54:42Z
2026,401836750,2025-12-12,CHA,CHI,1,126,32,30,16,2026-01-05T08:54:42Z
2026,401836751,2025-12-12,DET,ATL,1,142,40,34,12,2026-01-05T08:54:42Z
2026,401836749,2025-12-11,SAC,DEN,1,105,38,21,11,2026-01-05T08:54:42Z
2026,401836749,2025-12-11,DEN,SAC,0,136,46,35,12,2026-01-05T08:54:42Z
2026,401836750,2025-12-12,CHI,CHA,0,129,44,29,10,2026-01-05T08:54:42Z
2026,401836753,2025-12-12,WSH,CLE,1,126,49,29,16,2026-01-05T08:54:43Z
2026,401836753,2025-12-12,CLE,WSH,0,130,48,28,15,2026-01-05T08:54:43Z
2026,401836752,2025-12-12,IND,PHI,0,105,46,26,13,2026-01-05T08:54:43Z
2026,401836752,2025-12-12,PHI,IND,1,115,50,22,12,2026-01-05T08:54:43Z
2026,401836796,2025-12-12,GS,MIN,1,120,42,27,15,2026-01-05T08:54:44Z
2026,401836796,2025-12-12,MIN,GS,0,127,44,30,11,2026-01-05T08:54:44Z
2026,401836795,2025-12-12,DAL,BKN,1,119,40,33,10,2026-01-05T08:54:44Z
2026,401836795,2025-12-12,BKN,DAL,0,111,43,26,17,2026-01-05T08:54:44Z
2026,401836754,2025-12-12,UTAH,MEM,0,130,58,33,17,2026-01-05T08:54:44Z
2026,401836754,2025-12-12,MEM,UTAH,1,126,49,32,19,2026-01-05T08:54:44Z
2026,401836797,2025-12-14,WSH,IND,0,108,56,19,10,2026-01-05T08:54:45Z
2026,401836797,2025-12-14,IND,WSH,1,89,41,20,10,2026-01-05T08:54:45Z
2026,401836798,2025-12-14,PHI,ATL,0,117,54,25,17,2026-01-05T08:54:45Z
2026,401836798,2025-12-14,ATL,PHI,1,120,57,33,17,2026-01-05T08:54:45Z
2026,401836799,2025-12-14,CLE,CHA,1,111,46,27,12,2026-01-05T08:54:46Z
2026,401836799,2025-12-14,CHA,CLE,0,119,53,28,17,2026-01-05T08:54:46Z
2026,401836800,2025-12-14,MIL,BKN,0,82,37,20,8,2026-01-05T08:54:46Z
2026,401836800,2025-12-14,BKN,MIL,1,127,43,33,19,2026-01-05T08:54:46Z
2026,401836803,2025-12-15,DET,BOS,0,112,39,21,13,2026-01-05T08:54:47Z
2026,401836803,2025-12-15,BOS,DET,1,105,37,16,10,2026-01-05T08:54:47Z
2026,401836802,2025-12-14,POR,GS,1,136,43,30,20,2026-01-05T08:54:47Z
2026,401836801,2025-12-14,SAC,MIN,0,103,36,21,10,2026-01-05T08:54:47Z
2026,401836801,2025-12-14,MIN,SAC,1,117,48,25,12,2026-01-05T08:54:47Z
2026,401836802,2025-12-14,GS,POR,0,131,36,34,24,2026-01-05T08:54:47Z
2026,401836804,2025-12-14,NO,CHI,0,114,53,21,8,2026-01-05T08:54:48Z
2026,401836804,2025-12-14,CHI,NO,1,104,43,26,13,2026-01-05T08:54:48Z
2026,401836807,2025-12-15,LAC,MEM,1,103,39,26,13,2026-01-05T08:54:49Z
2026,401836805,2025-12-15,DAL,UTAH,0,133,54,24,9,2026-01-05T08:54:49Z
2026,401836805,2025-12-15,UTAH,DAL,1,140,47,33,13,2026-01-05T08:54:49Z
2026,401836806,2025-12-15,HOU,DEN,0,125,46,29,12,2026-01-05T08:54:49Z
2026,401836806,2025-12-15,DEN,HOU,1,128,38,24,15,2026-01-05T08:54:49Z
2026,401836807,2025-12-15,MEM,LAC,0,121,32,33,16,2026-01-05T08:54:49Z
2026,401839699,2025-12-14,PHX,LAL,1,114,37,29,13,2026-01-05T08:54:50Z
2026,401839023,2025-12-15,TOR,MIA,0,106,45,33,16,2026-01-05T08:54:50Z
2026,401839023,2025-12-15,MIA,TOR,1,96,45,20,9,2026-01-05T08:54:50Z
2026,401839699,2025-12-14,LAL,PHX,0,116,54,20,7,2026-01-05T08:54:50Z
2026,401810349,2026-01-04,DET,CLE,0,114,45,25,15,2026-01-05T14:15:25Z
2026,401810349,2026-01-04,CLE,DET,1,110,44,23,14,2026-01-05T14:15:25Z
2026,401810350,2026-01-04,IND,ORL,0,127,41,38,15,2026-01-05T14:15:26Z
2026,401810350,2026-01-04,ORL,IND,1,135,36,34,15,2026-01-05T14:15:26Z
2026,401810351,2026-01-04,DEN,BKN,0,115,33,29,11,2026-01-05T14:15:26Z
2026,401810351,2026-01-04,BKN,DEN,1,127,44,29,14,2026-01-05T14:15:26Z
2026,401810352,2026-01-04,NO,MIA,0,106,42,28,16,2026-01-05T14:15:26Z
2026,401810352,2026-01-04,MIA,NO,1,125,43,30,18,2026-01-05T14:15:26Z
2026,401810355,2026-01-04,MIL,SAC,0,115,48,23,10,2026-01-05T14:15:27Z
2026,401810355,2026-01-04,SAC,MIL,1,98,38,17,5,2026-01-05T14:15:27Z
2026,401810354,2026-01-04,PHX,OKC,1,108,49,21,17,2026-01-05T14:15:27Z
2026,401810356,2026-01-04,MEM,LAL,0,114,47,29,10,2026-01-05T14:15:27Z
2026,401810353,2026-01-04,WSH,MIN,1,115,35,21,12,2026-01-05T14:15:27Z
2026,401810353,2026-01-04,MIN,WSH,0,141,51,28,11,2026-01-05T14:15:27Z
2026,401810354,2026-01-04,OKC,PHX,0,105,29,20,10,2026-01-05T14:15:27Z
2026,401810356,2026-01-04,LAL,MEM,1,120,45,30,11,2026-01-05T14:15:27Z
